TransactionID,CustomerID,TransactionAmount,TransactionType,Merchant,TransactionTime,Location,DeviceType,PreviousTransactions,AccountBalance,IsInternational,Fraud
TXN100000,CUST1103,6551.26,Debit,Apple,2025-05-03 06:36:00,Dubai,Mobile,7,103427.45,No,0
TXN100001,CUST1436,697.21,Debit,Google,2025-06-02 14:04:00,Hyderabad,ATM,2,31263.01,No,0
TXN100002,CUST1349,506.65,Debit,Local Store,2025-08-07 09:10:00,Mumbai,Mobile,10,111163.13,No,0
TXN100003,CUST1271,1464.42,Debit,Flipkart,2025-02-05 07:41:00,Chennai,Mobile,8,51509.25,Yes,0
TXN100004,CUST1107,418.29,Credit,Google,2025-08-23 18:01:00,Bengaluru,ATM,8,42375.52,No,0
TXN100005,CUST1072,665.48,Credit,Apple,2025-05-28 21:37:00,Kochi,Web,11,68660.0,No,0
TXN100006,CUST1189,2051.98,Debit,Uber,2025-01-07 07:18:00,Delhi,Web,9,81170.34,No,0
TXN100007,CUST1021,19394.53,Debit,Walmart,2025-08-14 15:12:00,Pune,Mobile,13,55138.04,Yes,0
TXN100008,CUST1103,1930.35,Credit,Flipkart,2025-10-02 09:41:00,Mumbai,Mobile,11,26747.21,No,0
TXN100009,CUST1122,3586.22,Debit,Uber,2025-05-30 08:08:00,Hyderabad,Mobile,8,19885.73,No,0
TXN100010,CUST1467,660.44,Credit,Swiggy,2025-04-20 02:07:00,Mumbai,Web,7,11291.35,Yes,0
TXN100011,CUST1215,1432.34,Credit,Zomato,2025-01-24 03:20:00,Hyderabad,Mobile,9,33726.83,No,0
TXN100012,CUST1331,161.11,Credit,Myntra,2025-08-16 02:25:00,Kochi,Web,3,72112.85,No,0
TXN100013,CUST1459,289.31,Debit,Flipkart,2025-12-23 10:47:00,Hyderabad,Web,8,14453.82,Yes,1
TXN100014,CUST1088,1282.38,Debit,Google,2025-09-11 00:39:00,Kolkata,Mobile,4,13260.7,No,0
TXN100015,CUST1373,1562.0,Debit,Walmart,2025-06-30 12:11:00,Chennai,Mobile,15,114513.32,No,0
TXN100016,CUST1100,2552.48,Credit,Other,2025-10-10 12:45:00,Kolkata,Mobile,10,24535.06,No,0
TXN100017,CUST1360,907.21,Debit,Uber,2025-03-11 22:54:00,Dubai,Web,8,8180.45,No,0
TXN100018,CUST1152,4958.82,Credit,Apple,2025-04-20 12:22:00,Delhi,Web,7,9973.29,Yes,0
TXN100019,CUST1131,1901.39,Debit,Flipkart,2025-05-04 01:55:00,Delhi,Web,7,41439.81,No,0
TXN100020,CUST1150,178.9,Debit,Zomato,2025-03-10 09:51:00,London,Mobile,11,20805.01,No,0
TXN100021,CUST1309,179.23,Debit,ATM,2025-07-10 03:17:00,Kolkata,Mobile,8,42567.21,No,0
TXN100022,CUST1258,1247.09,Debit,Apple,2025-03-10 14:58:00,Bengaluru,Web,7,25177.86,Yes,0
TXN100023,CUST1344,865.07,Debit,Uber,2025-04-16 19:20:00,Hyderabad,Mobile,9,34837.88,No,0
TXN100024,CUST1492,1368.61,Debit,ATM,2025-09-17 12:26:00,Pune,Web,3,111911.9,No,0
TXN100025,CUST1414,783.61,Credit,Walmart,2025-05-28 04:37:00,Pune,Web,9,25849.55,No,0
TXN100026,CUST1294,601.62,Debit,Amazon,2025-02-20 11:55:00,Hyderabad,Mobile,9,71904.77,No,0
TXN100027,CUST1386,526.02,Debit,Zomato,2025-04-09 04:38:00,Hyderabad,Mobile,8,32373.85,No,0
TXN100028,CUST1192,1035.74,Debit,Apple,2025-12-27 10:52:00,London,Mobile,8,12543.92,No,0
TXN100029,CUST1444,2539.39,Credit,Zomato,2025-04-03 02:32:00,Chennai,Mobile,8,130911.69,No,0
TXN100030,CUST1277,373.83,Credit,Swiggy,2025-02-27 18:26:00,Mumbai,Web,11,146059.53,No,0
TXN100031,CUST1161,954.64,Debit,ATM,2025-04-15 22:14:00,Chennai,Web,10,26506.53,No,0
TXN100032,CUST1460,4558.17,Credit,Other,2025-01-20 17:00:00,Kochi,ATM,8,33318.03,No,0
TXN100033,CUST1314,192.25,Credit,Apple,2025-07-03 16:20:00,Chennai,Web,12,75331.93,No,0
TXN100034,CUST1022,2085.0,Debit,Flipkart,2025-02-18 20:06:00,Kolkata,Mobile,10,25884.08,No,0
TXN100035,CUST1253,890.3,Debit,Other,2025-06-03 10:51:00,Chennai,Mobile,13,61381.45,No,0
TXN100036,CUST1236,502.59,Debit,Amazon,2025-11-22 15:33:00,Kolkata,Web,9,16149.59,No,0
TXN100037,CUST1345,,Debit,Amazon,2025-04-28 00:04:00,Kochi,Mobile,10,117569.24,No,0
TXN100038,CUST1049,3080.56,Credit,,2025-12-03 09:30:00,Mumbai,Web,5,39049.54,No,0
TXN100039,CUST1475,962.72,Debit,Zomato,2025-08-26 07:05:00,Delhi,Web,6,52212.76,Yes,0
TXN100040,CUST1059,,Credit,Google,2025-06-06 11:14:00,Mumbai,Mobile,7,82237.89,No,0
TXN100041,CUST1170,461.03,Debit,Amazon,2025-11-01 15:56:00,Hyderabad,Mobile,6,54942.22,No,0
TXN100042,CUST1476,665.78,Debit,Other,2025-12-08 13:52:00,Kochi,Mobile,7,28624.1,No,0
TXN100043,CUST1188,2611.94,Debit,Amazon,2025-12-26 00:38:00,Bengaluru,ATM,10,108052.92,No,0
TXN100044,CUST1464,663.43,Debit,Swiggy,2025-12-28 02:24:00,Pune,Mobile,8,55622.46,No,0
TXN100045,CUST1271,1069.8,Credit,Local Store,2025-11-20 10:37:00,Bengaluru,ATM,8,26278.67,No,0
TXN100046,CUST1190,549.27,Credit,Swiggy,2025-09-18 01:24:00,Bengaluru,Web,6,9629.59,No,0
TXN100047,CUST1446,736.2,Debit,Swiggy,2025-12-19 19:42:00,Hyderabad,ATM,5,29409.74,No,0
TXN100048,CUST1175,932.73,Debit,Local Store,2025-04-02 16:28:00,Delhi,Mobile,6,19987.19,No,0
TXN100049,CUST1446,432.52,Debit,Zomato,2025-06-10 17:27:00,Mumbai,Mobile,5,30285.61,No,0
TXN100050,CUST1051,502.13,Debit,Apple,2025-11-03 08:04:00,Pune,Web,8,18375.15,No,0
TXN100051,CUST1364,651.02,Debit,Walmart,2025-10-28 10:59:00,Bengaluru,ATM,5,39660.6,No,0
TXN100052,CUST1055,4922.9,Debit,Google,2025-07-29 04:07:00,Chennai,Mobile,4,21230.34,No,0
TXN100053,CUST1244,1165.28,Debit,Amazon,2025-09-19 08:49:00,Pune,Web,5,86707.71,No,0
TXN100054,CUST1320,447.89,Credit,Myntra,2025-09-20 21:04:00,Kochi,ATM,8,47118.78,Yes,0
TXN100055,CUST1131,2549.87,Debit,Google,2025-08-27 04:02:00,Chennai,Mobile,6,20971.48,No,0
TXN100056,CUST1485,2689.24,Debit,Apple,2025-07-05 07:27:00,Delhi,Mobile,8,29935.58,No,0
TXN100057,CUST1307,438.69,Debit,Local Store,2025-10-19 00:25:00,Hyderabad,ATM,9,43546.43,No,0
TXN100058,CUST1135,5569.28,Debit,Google,2025-01-22 22:25:00,Kochi,Mobile,13,9632.89,No,0
TXN100059,CUST1021,1608.77,Debit,Amazon,2025-10-16 08:31:00,Dubai,Mobile,9,42245.07,No,0
TXN100060,CUST1329,1668.7,Credit,Google,2025-07-20 18:22:00,Kochi,Web,7,8248.24,No,0
TXN100061,CUST1167,1573.47,Credit,Walmart,2025-07-20 02:41:00,Pune,Mobile,7,94022.3,No,0
TXN100062,CUST1274,1537.1,Debit,ATM,2025-09-26 15:01:00,Bengaluru,Mobile,8,22477.02,No,0
TXN100063,CUST1388,977.17,Debit,Other,2025-07-14 09:22:00,,ATM,6,65297.37,No,0
TXN100064,CUST1089,2099.86,Debit,Local Store,2025-01-30 07:49:00,Delhi,Web,7,12598.5,No,0
TXN100065,CUST1316,788.17,Credit,Google,2025-03-02 04:12:00,Chennai,Web,13,45744.02,No,0
TXN100066,CUST1014,5289.27,Debit,Amazon,2025-06-23 05:54:00,Mumbai,Web,9,12335.44,No,0
TXN100067,CUST1242,149.45,Debit,Amazon,2025-06-30 15:16:00,London,Mobile,6,23847.6,No,0
TXN100068,CUST1265,441.44,Debit,Google,2025-12-28 19:05:00,Dubai,Mobile,12,61439.63,No,0
TXN100069,CUST1346,1564.54,Debit,ATM,2025-01-14 20:55:00,Chennai,Mobile,11,47227.06,No,0
TXN100070,CUST1053,1012.82,Debit,Zomato,2025-04-20 13:55:00,Pune,Mobile,9,45440.13,No,0
TXN100071,CUST1386,663.31,Credit,Myntra,2025-10-17 05:35:00,Kochi,Web,9,22803.46,No,0
TXN100072,CUST1340,1306.34,Debit,Uber,2025-05-26 09:33:00,Bengaluru,Web,8,13572.61,No,0
TXN100073,CUST1092,325.53,Debit,Swiggy,2025-05-17 21:33:00,Mumbai,Mobile,3,53414.84,No,0
TXN100074,CUST1367,389.06,Debit,Local Store,2025-07-25 01:26:00,Pune,Mobile,9,14912.3,No,0
TXN100075,CUST1444,965.72,Credit,Uber,2025-05-03 05:57:00,Mumbai,Mobile,7,18645.58,No,0
TXN100076,CUST1455,1609.85,Credit,Apple,2025-09-27 11:56:00,Chennai,Mobile,6,86726.83,No,0
TXN100077,CUST1428,535.63,Debit,Apple,2025-07-26 09:10:00,Pune,Mobile,9,45877.82,No,0
TXN100078,CUST1264,181.57,Credit,Amazon,2025-11-02 18:00:00,Dubai,Mobile,6,10692.74,No,0
TXN100079,CUST1431,1379.83,Debit,Apple,2025-03-12 10:59:00,Kolkata,Web,9,29491.44,No,0
TXN100080,CUST1035,1782.25,Debit,Zomato,2025-05-20 04:22:00,Pune,Mobile,7,26409.35,No,0
TXN100081,CUST1206,368.2,Debit,Myntra,2025-03-12 12:00:00,Hyderabad,Mobile,8,22449.45,No,0
TXN100082,CUST1081,740.57,Debit,Other,2025-12-25 10:03:00,Bengaluru,Web,8,22967.46,No,0
TXN100083,CUST1420,2724.09,Debit,Apple,2025-08-18 00:33:00,Kolkata,Mobile,12,79332.27,No,0
TXN100084,CUST1050,344.18,Debit,Walmart,2025-08-15 22:58:00,Hyderabad,Mobile,12,132706.65,No,0
TXN100085,CUST1360,1061.56,Debit,Myntra,2025-04-11 13:52:00,Kochi,Mobile,6,28799.91,No,0
TXN100086,CUST1388,564.02,Credit,Zomato,2025-04-17 05:59:00,Chennai,Mobile,11,33619.71,No,0
TXN100087,CUST1002,9744.83,Debit,ATM,2025-08-31 02:19:00,Mumbai,Mobile,12,10688.07,No,0
TXN100088,CUST1390,321.47,Debit,Uber,2025-02-12 14:47:00,Mumbai,ATM,14,105979.24,No,0
TXN100089,CUST1054,176.93,Debit,Myntra,2025-10-09 19:24:00,Dubai,Mobile,6,18143.09,No,0
TXN100090,CUST1106,2010.72,Debit,Myntra,2025-06-13 18:06:00,Chennai,ATM,9,21650.34,No,0
TXN100091,CUST1260,791.82,Debit,Uber,2025-02-01 01:38:00,Chennai,Mobile,5,53790.74,No,0
TXN100092,CUST1310,391.3,Debit,Zomato,2025-08-28 02:53:00,Bengaluru,Mobile,10,36704.62,Yes,0
TXN100093,CUST1477,670.71,Credit,ATM,2025-08-24 01:51:00,Kochi,Mobile,9,44892.22,No,0
TXN100094,CUST1191,4993.6,Debit,Apple,2025-05-21 12:12:00,Bengaluru,Mobile,6,49492.62,No,0
TXN100095,CUST1402,1099.93,Debit,Amazon,2025-09-23 18:49:00,Bengaluru,Mobile,5,29550.43,No,0
TXN100096,CUST1218,4744.41,Credit,Local Store,2025-03-19 09:33:00,Chennai,Mobile,8,57652.71,No,0
TXN100097,CUST1044,317.52,Debit,ATM,2025-01-14 18:16:00,Pune,Mobile,7,8263.48,No,0
TXN100098,CUST1162,3252.33,Debit,Uber,2025-10-17 09:15:00,Chennai,Mobile,5,101390.19,No,0
TXN100099,CUST1202,416.35,Debit,Other,2025-09-15 15:20:00,Hyderabad,Mobile,7,25945.11,Yes,0
TXN100100,CUST1446,3740.0,Debit,Uber,2025-05-29 07:27:00,Hyderabad,Mobile,9,57233.93,No,0
TXN100101,CUST1484,3446.74,Debit,ATM,2025-12-24 14:13:00,Delhi,Mobile,7,43023.44,No,0
TXN100102,CUST1270,405.52,Debit,Uber,2025-05-31 03:04:00,Pune,Web,8,6645.16,No,0
TXN100103,CUST1351,1672.95,Debit,Uber,2025-07-27 00:10:00,Delhi,ATM,12,35024.73,No,0
TXN100104,CUST1304,1348.7,Debit,Local Store,2025-08-09 09:08:00,Dubai,Mobile,10,6095.72,No,0
TXN100105,CUST1271,2796.48,Credit,Local Store,2025-05-08 01:18:00,London,Mobile,9,43068.57,No,0
TXN100106,CUST1456,353.32,Debit,Apple,2025-07-12 20:27:00,Hyderabad,Mobile,6,34996.46,No,0
TXN100107,CUST1462,730.3,Debit,Google,2025-03-06 02:44:00,Pune,ATM,7,11390.29,No,0
TXN100108,CUST1215,1150.57,Credit,Google,2025-06-05 05:36:00,Pune,Mobile,11,34243.76,No,0
TXN100109,CUST1252,4937.89,Debit,Flipkart,2025-07-08 21:11:00,Dubai,Web,8,20819.82,No,0
TXN100110,CUST1190,1164.1,Debit,Uber,2025-01-19 03:55:00,Mumbai,Mobile,2,26297.83,No,0
TXN100111,CUST1296,415.32,Credit,Uber,2025-08-26 08:55:00,Delhi,Mobile,6,4271.55,No,0
TXN100112,CUST1213,1511.77,Debit,Myntra,2025-11-16 18:54:00,Mumbai,Mobile,12,11747.3,Yes,0
TXN100113,CUST1208,397.37,Debit,Google,2025-04-14 17:41:00,Kochi,Mobile,9,16477.02,No,0
TXN100114,CUST1237,203.1,Credit,Apple,2025-04-02 10:51:00,Bengaluru,ATM,6,12673.17,No,0
TXN100115,CUST1338,932.94,Debit,Other,2025-11-27 20:10:00,Bengaluru,Mobile,12,20048.85,No,0
TXN100116,CUST1367,1447.75,Debit,Amazon,2025-11-04 20:44:00,Hyderabad,Mobile,6,17958.97,No,0
TXN100117,CUST1053,1329.8,Debit,Flipkart,2025-01-25 02:27:00,Bengaluru,Web,9,37282.75,No,0
TXN100118,CUST1280,1156.87,Debit,Flipkart,2025-12-27 01:17:00,Delhi,Web,6,3831.64,No,0
TXN100119,CUST1410,6539.81,Debit,Other,2025-09-03 08:19:00,Chennai,Mobile,4,132502.59,No,0
TXN100120,CUST1217,5173.55,Credit,Other,2025-04-21 01:32:00,Hyderabad,Mobile,9,18743.2,No,0
TXN100121,CUST1252,480.93,Debit,ATM,2025-11-26 05:52:00,Dubai,Mobile,6,23628.22,No,0
TXN100122,CUST1188,2816.67,Credit,Apple,2025-04-29 03:02:00,Mumbai,Mobile,4,46442.86,No,0
TXN100123,CUST1380,10529.37,Debit,Amazon,2025-10-01 19:14:00,Pune,Web,14,109554.68,No,0
TXN100124,CUST1493,6362.99,Credit,Myntra,2025-05-31 21:25:00,Chennai,Mobile,4,19113.65,Yes,0
TXN100125,CUST1041,3004.8,Debit,Local Store,2025-08-24 00:04:00,Bengaluru,Mobile,8,49862.28,No,0
TXN100126,CUST1157,959.12,Debit,Other,2025-04-21 17:56:00,Kochi,Mobile,8,17975.98,No,0
TXN100127,CUST1015,297.51,Debit,Swiggy,2025-04-22 18:08:00,Pune,ATM,8,60185.6,No,0
TXN100128,CUST1301,419.31,Debit,Google,2025-07-25 15:41:00,Mumbai,Mobile,9,50154.05,No,0
TXN100129,CUST1065,1859.98,Debit,Uber,2025-06-22 13:40:00,London,Mobile,11,13366.85,No,0
TXN100130,CUST1345,1472.08,Credit,Apple,2025-04-02 21:11:00,Dubai,ATM,7,45902.28,No,0
TXN100131,CUST1327,1174.57,Credit,ATM,2025-06-20 12:26:00,London,Mobile,16,10193.84,No,0
TXN100132,CUST1009,2724.6,Debit,Google,2025-05-17 14:53:00,Mumbai,ATM,12,17050.33,Yes,0
TXN100133,CUST1344,3533.07,Debit,Uber,2025-04-12 17:10:00,Bengaluru,Mobile,4,10888.22,No,0
TXN100134,CUST1129,3528.07,Debit,Swiggy,2025-08-10 06:47:00,Kolkata,Mobile,9,29753.31,No,0
TXN100135,CUST1492,2290.08,Debit,,2025-01-05 13:30:00,Kolkata,Web,10,62866.11,Yes,0
TXN100136,CUST1136,1839.64,Debit,Local Store,2025-08-18 19:29:00,Chennai,ATM,11,11708.32,Yes,0
TXN100137,CUST1472,647.71,Credit,ATM,2025-12-13 14:35:00,Pune,Mobile,9,40162.26,No,0
TXN100138,CUST1063,1194.39,Credit,Zomato,2025-02-24 23:01:00,Chennai,ATM,6,24799.33,Yes,0
TXN100139,CUST1139,1571.18,Debit,Swiggy,2025-01-09 09:55:00,Mumbai,Web,10,13765.97,No,0
TXN100140,CUST1499,1039.63,Debit,Other,2025-01-28 03:02:00,Hyderabad,Web,12,21665.87,No,0
TXN100141,CUST1081,223.5,Debit,ATM,2025-07-24 15:40:00,Pune,Mobile,7,45897.43,No,0
TXN100142,CUST1392,1511.1,Debit,Google,2025-09-29 03:59:00,Hyderabad,Mobile,7,60184.69,No,0
TXN100143,CUST1163,1035.15,Debit,Walmart,2025-10-04 04:06:00,Kochi,ATM,7,37444.83,No,0
TXN100144,CUST1419,955.17,Debit,Walmart,2025-03-26 15:03:00,Delhi,ATM,6,28917.85,No,0
TXN100145,CUST1289,1946.26,Credit,Uber,2025-12-14 23:16:00,Kochi,Mobile,13,30248.2,No,0
TXN100146,CUST1379,1906.6,Debit,Uber,2025-12-14 17:26:00,London,Mobile,9,17175.87,No,0
TXN100147,CUST1261,3618.17,Debit,Zomato,2025-02-03 13:20:00,Kolkata,Mobile,8,31973.63,No,0
TXN100148,CUST1490,1980.89,Credit,Walmart,2025-12-11 23:18:00,London,Mobile,5,9870.8,No,0
TXN100149,CUST1231,746.98,Credit,Uber,2025-04-12 20:09:00,Chennai,Mobile,5,27202.39,No,0
TXN100150,CUST1041,4119.14,Debit,Swiggy,2025-03-29 01:14:00,Hyderabad,Mobile,12,106351.05,No,0
TXN100151,CUST1028,4933.6,Debit,Uber,2025-11-08 13:05:00,Chennai,Mobile,9,21392.39,No,0
TXN100152,CUST1135,1073.84,Debit,Flipkart,2025-01-20 21:05:00,Bengaluru,Web,14,68933.17,No,0
TXN100153,CUST1201,3824.4,Credit,Zomato,2025-07-18 18:33:00,Kochi,Mobile,14,49177.96,No,0
TXN100154,CUST1328,1291.3,Credit,Apple,2025-01-26 08:07:00,Chennai,Mobile,9,87410.39,No,0
TXN100155,CUST1268,3462.05,Debit,Amazon,2025-11-15 18:54:00,Delhi,Mobile,4,2847.22,No,0
TXN100156,CUST1418,4119.83,Debit,Myntra,2025-06-08 09:11:00,Delhi,Web,12,33955.09,No,0
TXN100157,CUST1033,582.35,Credit,ATM,2025-12-05 21:31:00,Delhi,Mobile,7,46213.99,No,0
TXN100158,CUST1048,4446.47,Debit,Amazon,2025-08-05 20:42:00,Mumbai,Mobile,8,54110.55,Yes,0
TXN100159,CUST1407,1147.42,Debit,Amazon,2025-05-01 18:15:00,Kochi,Web,13,73200.7,No,0
TXN100160,CUST1062,1619.47,Debit,Local Store,2025-10-26 21:44:00,Chennai,Web,11,50126.71,No,0
TXN100161,CUST1216,3334.1,Debit,Other,2025-08-08 14:05:00,Hyderabad,Web,6,35505.22,No,1
TXN100162,CUST1293,847.74,Debit,ATM,2025-03-12 09:36:00,Delhi,ATM,7,14485.76,No,0
TXN100163,CUST1099,2957.49,Credit,Apple,2025-10-23 05:06:00,Kolkata,Web,6,7135.46,No,0
TXN100164,CUST1172,1295.86,Credit,Uber,2025-07-15 14:12:00,Mumbai,Web,9,81185.28,No,0
TXN100165,CUST1360,696.26,Debit,Other,2025-11-24 20:52:00,Dubai,Mobile,1,18854.92,No,0
TXN100166,CUST1214,2086.88,Debit,Local Store,2025-04-20 18:16:00,Mumbai,Mobile,11,22863.8,No,0
TXN100167,CUST1475,3837.48,Debit,Amazon,2025-11-18 09:05:00,Mumbai,Mobile,10,58639.84,No,0
TXN100168,CUST1035,1218.7,Debit,ATM,2025-12-13 23:33:00,Chennai,Mobile,7,29310.41,No,0
TXN100169,CUST1449,397.97,Debit,Flipkart,2025-12-30 01:48:00,Delhi,Mobile,9,12482.06,No,0
TXN100170,CUST1227,794.57,Credit,Myntra,2025-11-29 04:46:00,Pune,Mobile,7,8261.7,No,0
TXN100171,CUST1101,540.93,Debit,Amazon,2025-10-19 01:39:00,Chennai,Web,5,22722.83,No,0
TXN100172,CUST1431,10669.39,Debit,Walmart,2025-12-27 22:57:00,Hyderabad,Mobile,4,31950.29,No,0
TXN100173,CUST1462,457.58,Debit,Apple,2025-09-19 05:48:00,Pune,Mobile,4,54023.02,No,0
TXN100174,CUST1131,112.75,Credit,Apple,2025-06-11 11:49:00,Hyderabad,ATM,7,27073.71,No,0
TXN100175,CUST1257,746.29,Credit,Apple,2025-12-03 18:45:00,Bengaluru,Mobile,8,30182.02,No,0
TXN100176,CUST1005,1321.28,Credit,Zomato,2025-01-26 05:21:00,Kolkata,Mobile,9,11049.05,No,0
TXN100177,CUST1218,1133.34,Credit,Zomato,2025-08-21 22:41:00,Bengaluru,Mobile,4,64925.07,No,0
TXN100178,CUST1255,1312.72,Debit,Swiggy,2025-06-20 03:34:00,Dubai,ATM,5,284877.85,No,0
TXN100179,CUST1398,304.98,Debit,Google,2025-04-19 16:18:00,Chennai,Mobile,2,78896.63,Yes,0
TXN100180,CUST1359,1166.35,Debit,Myntra,2025-01-13 08:12:00,Pune,Web,7,73719.96,Yes,0
TXN100181,CUST1283,407.27,Debit,Local Store,2025-10-02 00:23:00,Mumbai,Mobile,8,38516.14,No,0
TXN100182,CUST1393,2711.53,Debit,Other,2025-06-15 13:09:00,Kochi,Mobile,8,13577.56,No,0
TXN100183,CUST1207,349.59,Debit,Other,2025-02-06 01:24:00,Chennai,Mobile,7,15578.85,No,0
TXN100184,CUST1015,1005.97,Debit,Other,2025-09-01 22:56:00,Kolkata,Web,3,48726.82,No,0
TXN100185,CUST1346,495.44,Debit,Uber,2025-01-20 06:03:00,Delhi,Web,8,57994.09,No,0
TXN100186,CUST1042,2842.55,Debit,Amazon,2025-05-25 23:46:00,Mumbai,Web,3,14700.7,No,0
TXN100187,CUST1380,685.25,Credit,Google,2025-05-29 21:52:00,Mumbai,Web,10,41811.5,No,0
TXN100188,CUST1461,383.66,Debit,Uber,2025-04-08 05:19:00,Pune,Mobile,10,32365.34,No,0
TXN100189,CUST1179,3147.92,Debit,Local Store,2025-09-07 02:10:00,Dubai,Web,6,43103.7,No,0
TXN100190,CUST1063,149.45,Debit,Other,2025-02-25 12:53:00,Chennai,Mobile,4,38883.07,No,0
TXN100191,CUST1352,2191.12,Debit,Google,2025-11-11 21:29:00,Chennai,Web,5,40415.54,No,0
TXN100192,CUST1231,1535.9,Debit,Uber,2025-07-19 18:41:00,Kochi,Mobile,9,6911.48,No,0
TXN100193,CUST1241,13663.7,Debit,Flipkart,2025-12-10 09:49:00,Chennai,Mobile,3,116763.5,Yes,0
TXN100194,CUST1052,2102.06,Debit,Zomato,2025-06-06 06:49:00,London,Mobile,7,85948.98,No,0
TXN100195,CUST1096,1809.13,Debit,Local Store,2025-07-06 12:55:00,Delhi,Mobile,10,29400.98,No,0
TXN100196,CUST1388,467.98,Debit,Other,2025-04-26 18:23:00,Kolkata,Mobile,6,12270.16,No,0
TXN100197,CUST1222,880.58,Debit,ATM,2025-01-22 18:28:00,Bengaluru,Web,9,45361.29,No,0
TXN100198,CUST1485,1425.31,Debit,Myntra,2025-05-16 23:24:00,Bengaluru,Mobile,9,9932.35,No,0
TXN100199,CUST1407,4546.35,Debit,Walmart,2025-04-05 07:52:00,Kolkata,Mobile,10,104580.63,No,0
TXN100200,CUST1231,508.22,Debit,Flipkart,2025-07-24 19:23:00,Dubai,Web,8,26342.49,No,0
TXN100201,CUST1237,174.46,Debit,Zomato,2025-07-17 01:40:00,London,Mobile,9,19009.34,No,0
TXN100202,CUST1143,1178.86,Debit,Apple,2025-02-07 04:31:00,Bengaluru,Web,6,46061.44,No,0
TXN100203,CUST1171,222.88,Debit,Zomato,2025-10-09 02:12:00,Chennai,Mobile,8,20906.93,No,0
TXN100204,CUST1029,2463.86,Debit,Google,2025-08-22 06:34:00,Chennai,ATM,11,24100.43,No,0
TXN100205,CUST1036,4996.07,Debit,Swiggy,2025-10-19 19:02:00,Kochi,Web,7,16396.22,No,0
TXN100206,CUST1013,3074.34,Credit,Flipkart,2025-05-28 18:21:00,Hyderabad,Mobile,8,47515.65,No,0
TXN100207,CUST1160,662.81,Credit,Apple,2025-11-11 15:45:00,Chennai,Mobile,5,37444.96,No,0
TXN100208,CUST1327,5543.64,Credit,Google,2025-02-11 02:22:00,Bengaluru,Mobile,10,65366.16,No,0
TXN100209,CUST1187,508.83,Debit,Local Store,2025-08-31 13:47:00,Hyderabad,ATM,9,8788.21,No,0
TXN100210,CUST1243,410.49,Debit,Myntra,2025-07-29 08:14:00,London,Mobile,3,11933.6,No,0
TXN100211,CUST1086,4580.58,Debit,Zomato,2025-08-09 23:52:00,Delhi,Mobile,8,20166.8,Yes,0
TXN100212,CUST1284,768.53,Debit,ATM,2025-04-08 04:58:00,Bengaluru,Mobile,4,68420.73,No,0
TXN100213,CUST1066,1285.71,Debit,Local Store,2025-11-24 15:48:00,Hyderabad,Web,8,10210.79,No,0
TXN100214,CUST1170,3024.88,Debit,Apple,2025-06-29 12:37:00,Hyderabad,Mobile,4,15722.06,No,0
TXN100215,CUST1045,365.23,Credit,Google,2025-11-02 14:57:00,Chennai,ATM,9,86277.58,No,0
TXN100216,CUST1062,642.68,Debit,Other,2025-08-03 06:37:00,Chennai,Mobile,8,44234.7,No,0
TXN100217,CUST1441,609.3,Credit,Swiggy,2025-04-06 04:44:00,Kolkata,Mobile,7,66853.23,No,0
TXN100218,CUST1134,868.64,Debit,Other,2025-05-22 07:42:00,Chennai,Mobile,7,27769.3,No,0
TXN100219,CUST1284,538.91,Debit,Zomato,2025-04-11 08:59:00,Bengaluru,Web,15,111997.42,No,0
TXN100220,CUST1028,1590.66,Debit,ATM,2025-10-22 14:26:00,Hyderabad,ATM,3,10013.5,Yes,0
TXN100221,CUST1108,1570.68,Debit,Myntra,2025-12-29 09:43:00,Pune,Mobile,11,25316.0,No,0
TXN100222,CUST1044,1097.98,Credit,Swiggy,2025-03-26 17:19:00,Delhi,Mobile,7,23803.18,No,0
TXN100223,CUST1340,1378.64,Debit,Uber,2025-03-21 17:13:00,Kolkata,Web,7,24024.9,No,0
TXN100224,CUST1286,569.82,Debit,Google,2025-11-14 14:53:00,Delhi,Mobile,10,11595.44,No,0
TXN100225,CUST1446,1120.07,Credit,Local Store,2025-09-15 04:01:00,Kolkata,Mobile,2,45064.92,No,0
TXN100226,CUST1331,203.34,Debit,ATM,2025-01-09 12:49:00,Chennai,Mobile,9,11867.2,No,0
TXN100227,CUST1128,2951.3,Credit,Zomato,2025-06-28 17:28:00,Dubai,Mobile,6,10946.04,Yes,0
TXN100228,CUST1348,625.85,Debit,Zomato,2025-03-01 23:25:00,Chennai,Mobile,7,4252.76,No,0
TXN100229,CUST1473,653.26,Debit,Apple,2025-05-02 16:11:00,Mumbai,Mobile,7,17041.07,No,0
TXN100230,CUST1231,430.68,Debit,ATM,2025-05-05 20:25:00,Pune,Mobile,13,33190.86,No,0
TXN100231,CUST1190,1261.48,Debit,Myntra,2025-02-20 09:48:00,Mumbai,Web,6,36913.75,No,0
TXN100232,CUST1225,643.03,Debit,Walmart,2025-02-14 04:46:00,London,Mobile,7,25133.89,No,0
TXN100233,CUST1385,2058.21,Debit,Uber,2025-07-04 13:58:00,Mumbai,Web,10,17993.38,No,0
TXN100234,CUST1377,383.81,Credit,Swiggy,2025-12-01 21:18:00,Dubai,Mobile,7,21935.03,No,0
TXN100235,CUST1283,1259.12,Credit,Flipkart,2025-03-25 03:35:00,Kochi,Web,6,17926.56,Yes,0
TXN100236,CUST1446,1678.46,Debit,Flipkart,2025-04-19 02:43:00,London,Mobile,14,138754.35,No,0
TXN100237,CUST1121,2432.98,Debit,ATM,2025-09-09 13:26:00,Dubai,Web,10,11834.43,No,0
TXN100238,CUST1116,2136.09,Debit,Zomato,2025-08-12 03:33:00,Dubai,Mobile,9,16622.01,No,0
TXN100239,CUST1461,442.76,Debit,Apple,2025-10-10 13:29:00,Pune,ATM,11,29721.65,Yes,0
TXN100240,CUST1233,1173.76,Debit,Amazon,2025-05-28 02:30:00,Hyderabad,Mobile,7,13067.46,No,0
TXN100241,CUST1259,988.17,Debit,ATM,2025-05-17 11:01:00,Chennai,Mobile,5,30778.44,No,0
TXN100242,CUST1359,384.64,Debit,Zomato,2025-10-17 12:05:00,Kolkata,ATM,4,8702.89,No,0
TXN100243,CUST1198,1067.82,Debit,Other,2025-04-25 16:20:00,London,Mobile,6,32626.94,No,0
TXN100244,CUST1456,272.04,Credit,Flipkart,2025-04-08 13:47:00,Pune,Mobile,4,21307.48,No,0
TXN100245,CUST1411,1387.48,Debit,Flipkart,2025-06-06 08:40:00,Dubai,ATM,10,17000.59,No,0
TXN100246,CUST1137,3662.71,Debit,Uber,2025-05-08 07:21:00,Kochi,Mobile,13,23887.32,No,0
TXN100247,CUST1318,2977.21,Debit,Local Store,2025-12-29 11:58:00,Bengaluru,Mobile,6,19816.75,Yes,0
TXN100248,CUST1165,1621.89,Debit,Amazon,2025-02-22 08:28:00,Bengaluru,ATM,12,21979.15,No,0
TXN100249,CUST1225,1420.15,Debit,Zomato,2025-12-27 05:27:00,Hyderabad,Mobile,8,52836.55,Yes,0
TXN100250,CUST1307,977.73,Debit,Uber,2025-06-11 12:41:00,Bengaluru,ATM,6,114606.86,No,0
TXN100251,CUST1234,9513.21,Credit,Apple,2025-03-30 18:34:00,Delhi,Mobile,8,3911.39,No,0
TXN100252,CUST1172,885.37,Debit,Uber,2025-01-24 16:04:00,London,Web,9,24981.84,No,0
TXN100253,CUST1152,293.92,Debit,Zomato,2025-06-24 14:59:00,Pune,Mobile,11,11360.73,No,0
TXN100254,CUST1463,2351.88,Credit,Google,2025-03-14 23:51:00,Mumbai,ATM,6,23019.69,No,0
TXN100255,CUST1315,1738.94,Credit,Walmart,2025-11-08 20:02:00,Chennai,Mobile,12,40217.17,No,0
TXN100256,CUST1374,363.54,Debit,ATM,2025-10-26 09:07:00,Hyderabad,Mobile,11,178150.96,No,0
TXN100257,CUST1160,737.33,Debit,Zomato,2025-04-24 04:22:00,Delhi,Web,9,23346.78,No,0
TXN100258,CUST1096,1298.63,Debit,Myntra,2025-07-27 01:45:00,Hyderabad,Mobile,7,32774.21,No,0
TXN100259,CUST1472,623.52,Debit,Flipkart,2025-08-16 15:45:00,Chennai,Web,7,14981.46,No,0
TXN100260,CUST1233,2744.95,Debit,Amazon,2025-06-12 18:26:00,Mumbai,ATM,9,14405.58,No,0
TXN100261,CUST1180,503.71,Debit,Other,2025-08-27 16:35:00,Bengaluru,Mobile,11,13900.25,No,0
TXN100262,CUST1113,852.87,Debit,Other,2025-05-17 11:53:00,Dubai,Web,5,17358.33,No,0
TXN100263,CUST1318,719.66,Debit,Amazon,2025-11-17 16:32:00,Chennai,Mobile,6,20826.01,No,0
TXN100264,CUST1497,1720.86,Debit,ATM,2025-12-15 00:54:00,Chennai,Mobile,9,86349.69,No,0
TXN100265,CUST1442,2064.55,Debit,Local Store,2025-05-16 14:06:00,Chennai,Mobile,9,22932.77,No,0
TXN100266,CUST1052,1718.24,Debit,Walmart,2025-06-21 00:02:00,Hyderabad,Web,8,45085.04,No,0
TXN100267,CUST1268,172.99,Debit,Myntra,2025-12-21 22:03:00,Kolkata,Mobile,3,37069.81,Yes,0
TXN100268,CUST1295,1290.97,Debit,Flipkart,2025-01-13 05:53:00,Pune,Web,9,60728.95,No,0
TXN100269,CUST1386,1767.42,Debit,Other,2025-02-04 02:24:00,Mumbai,Mobile,9,7139.72,No,0
TXN100270,CUST1387,1982.73,Debit,ATM,2025-02-17 11:48:00,Kolkata,Web,10,38455.95,No,0
TXN100271,CUST1113,918.3,Debit,ATM,2025-03-06 06:58:00,Hyderabad,Mobile,4,35320.35,No,0
TXN100272,CUST1101,1122.8,Debit,ATM,2025-07-18 12:15:00,Kolkata,Web,6,27587.71,No,0
TXN100273,CUST1113,621.01,Debit,Amazon,2025-03-05 15:38:00,Chennai,Mobile,8,66650.46,No,0
TXN100274,CUST1440,3936.18,Credit,Myntra,2025-02-10 06:33:00,Mumbai,Mobile,4,27156.15,No,0
TXN100275,CUST1081,286.72,Credit,Uber,2025-05-23 21:28:00,Kochi,Mobile,8,57480.1,No,0
TXN100276,CUST1187,1722.7,Debit,Local Store,2025-04-20 22:05:00,Kochi,Web,13,33777.56,No,0
TXN100277,CUST1113,405.39,Debit,ATM,2025-11-10 04:40:00,Pune,Mobile,4,35793.24,No,0
TXN100278,CUST1002,678.87,Debit,Zomato,2025-08-16 06:12:00,Bengaluru,Web,6,37689.39,No,0
TXN100279,CUST1130,1054.34,Debit,Zomato,2025-06-28 22:41:00,Bengaluru,Mobile,5,25603.17,No,0
TXN100280,CUST1220,150.53,Debit,ATM,2025-03-07 06:58:00,London,Web,5,96084.18,No,0
TXN100281,CUST1054,272.28,Credit,Google,2025-09-26 11:21:00,Chennai,Mobile,4,66615.33,No,0
TXN100282,CUST1343,221.12,Debit,Flipkart,2025-07-24 04:54:00,Bengaluru,Mobile,9,28434.22,Yes,0
TXN100283,CUST1485,1679.08,Debit,Myntra,2025-06-09 02:24:00,Chennai,Mobile,4,33800.75,No,0
TXN100284,CUST1224,3052.05,Credit,Swiggy,2025-05-15 09:10:00,Hyderabad,Mobile,10,42648.27,No,0
TXN100285,CUST1225,222.32,Credit,Amazon,2025-03-18 06:47:00,Bengaluru,Mobile,6,54586.96,Yes,0
TXN100286,CUST1385,917.85,Credit,Apple,2025-11-05 19:57:00,Mumbai,ATM,11,99660.64,No,0
TXN100287,CUST1403,1443.07,Debit,Apple,2025-11-12 09:22:00,Mumbai,ATM,7,58693.41,No,0
TXN100288,CUST1126,1437.03,Debit,Zomato,2025-07-25 13:57:00,Dubai,Web,12,26086.73,No,0
TXN100289,CUST1130,8173.15,Debit,Other,2025-02-23 00:09:00,Chennai,Mobile,7,16104.3,No,0
TXN100290,CUST1053,1278.68,Debit,Swiggy,2025-01-22 12:47:00,Hyderabad,Mobile,13,62575.46,No,0
TXN100291,CUST1172,433.52,Debit,Apple,2025-08-08 17:17:00,Delhi,Web,10,36929.85,No,0
TXN100292,CUST1218,2318.7,Debit,Walmart,2025-01-09 13:23:00,Delhi,Mobile,13,14229.65,No,0
TXN100293,CUST1160,5384.39,Credit,Walmart,2025-03-20 00:36:00,Mumbai,ATM,9,56388.11,No,0
TXN100294,CUST1198,298.36,Debit,Flipkart,2025-05-22 23:31:00,Kochi,Mobile,11,92717.76,No,0
TXN100295,CUST1416,1870.83,Debit,Swiggy,2025-07-13 11:20:00,Chennai,ATM,3,29891.27,No,0
TXN100296,CUST1247,1128.36,Debit,Walmart,2025-02-07 22:24:00,Kochi,Mobile,9,96273.99,No,0
TXN100297,CUST1324,422.89,Debit,Walmart,2025-10-08 02:02:00,Mumbai,Web,5,52819.82,No,0
TXN100298,CUST1439,579.1,Debit,Zomato,2025-06-12 21:25:00,Chennai,Mobile,7,12469.73,No,0
TXN100299,CUST1203,5386.37,Debit,Apple,2025-02-17 05:28:00,Dubai,ATM,6,40819.59,No,0
TXN100300,CUST1184,2374.69,Debit,Flipkart,2025-09-20 04:19:00,Kolkata,Mobile,12,7876.43,No,0
TXN100301,CUST1123,1677.67,Debit,Myntra,2025-03-22 21:32:00,Bengaluru,Web,8,38774.91,No,0
TXN100302,CUST1401,246.68,Debit,ATM,2025-02-20 04:00:00,Chennai,Web,9,13787.58,No,0
TXN100303,CUST1255,2152.23,Credit,Uber,2025-08-15 16:59:00,Chennai,Mobile,8,34345.76,No,0
TXN100304,CUST1294,3348.6,Debit,Amazon,2025-07-09 12:20:00,Delhi,Mobile,6,49422.58,No,0
TXN100305,CUST1280,279.81,Debit,Amazon,2025-11-17 07:07:00,Bengaluru,Mobile,8,19126.14,No,0
TXN100306,CUST1325,1120.75,Debit,Other,2025-07-27 07:22:00,Bengaluru,Mobile,3,105647.41,No,0
TXN100307,CUST1372,3005.34,Debit,Local Store,2025-04-04 23:27:00,Chennai,Mobile,6,14896.67,No,0
TXN100308,CUST1098,2626.24,Debit,Uber,2025-04-25 23:35:00,Pune,Mobile,7,5978.83,No,0
TXN100309,CUST1198,2079.68,Debit,Uber,2025-12-13 20:59:00,Kochi,Mobile,3,29095.43,No,0
TXN100310,CUST1470,1146.41,Credit,Amazon,2025-12-10 00:28:00,Kochi,Web,10,82776.48,No,0
TXN100311,CUST1395,3247.57,Credit,Amazon,2025-08-02 08:57:00,Chennai,Web,13,29268.07,No,0
TXN100312,CUST1240,1288.53,Debit,Myntra,2025-06-09 03:49:00,Dubai,Mobile,7,19057.94,Yes,0
TXN100313,CUST1144,1905.53,Credit,Swiggy,2025-10-04 17:05:00,Kolkata,ATM,7,8634.26,No,0
TXN100314,CUST1097,1545.79,Debit,Swiggy,2025-06-24 08:11:00,Dubai,ATM,6,19368.47,No,0
TXN100315,CUST1201,378.74,Credit,Myntra,2025-12-22 09:38:00,Mumbai,Mobile,6,12624.5,No,0
TXN100316,CUST1124,436.32,Debit,Apple,2025-07-08 18:30:00,Mumbai,Mobile,5,35694.22,No,0
TXN100317,CUST1187,256.72,Debit,Uber,2025-12-18 03:09:00,Pune,Mobile,9,38036.85,No,0
TXN100318,CUST1326,748.17,Credit,Google,2025-08-08 02:27:00,Chennai,Web,8,14592.86,No,0
TXN100319,CUST1464,2469.69,Debit,Uber,2025-09-07 18:47:00,Delhi,Web,9,23279.06,Yes,0
TXN100320,CUST1349,1539.13,Credit,Local Store,2025-05-03 03:55:00,Kochi,Mobile,8,87961.22,No,0
TXN100321,CUST1259,1061.58,Debit,Amazon,2025-11-12 09:39:00,Kochi,Web,9,21601.96,No,0
TXN100322,CUST1148,4267.97,Debit,Uber,2025-01-30 17:48:00,London,Mobile,7,21194.63,No,0
TXN100323,CUST1252,809.74,Debit,Amazon,2025-07-09 08:30:00,Kolkata,Mobile,10,34196.71,No,0
TXN100324,CUST1443,1917.77,Debit,Uber,2025-01-18 18:32:00,Bengaluru,Web,5,10327.61,No,0
TXN100325,CUST1420,779.83,Debit,Local Store,2025-07-22 04:06:00,Chennai,Web,8,60618.72,No,0
TXN100326,CUST1403,245.33,Credit,Apple,2025-06-11 03:21:00,Mumbai,Mobile,4,21811.01,No,0
TXN100327,CUST1346,516.69,Debit,ATM,2025-09-01 15:57:00,Delhi,Mobile,8,12474.5,No,0
TXN100328,CUST1451,503.12,Credit,Google,2025-03-28 19:02:00,Bengaluru,ATM,6,44487.62,No,0
TXN100329,CUST1147,264.67,Credit,Other,2025-06-28 09:51:00,Chennai,Web,7,20624.02,No,0
TXN100330,CUST1148,941.86,Debit,Walmart,2025-02-17 15:39:00,Delhi,Web,6,15415.52,No,0
TXN100331,CUST1352,522.13,Credit,Myntra,2025-08-03 07:43:00,Pune,Mobile,6,31397.59,No,0
TXN100332,CUST1199,4902.49,Credit,Myntra,2025-12-15 08:43:00,London,Mobile,8,65435.99,No,1
TXN100333,CUST1308,867.61,Credit,Other,2025-04-15 23:35:00,Pune,Mobile,6,21850.47,No,0
TXN100334,CUST1489,474.82,Credit,Google,2025-04-29 17:23:00,Kochi,Mobile,10,14416.34,Yes,0
TXN100335,CUST1417,369.47,Credit,Uber,2025-04-09 11:46:00,Delhi,Web,8,5517.29,No,0
TXN100336,CUST1424,357.21,Debit,Walmart,2025-03-10 10:20:00,London,Mobile,12,10021.27,No,0
TXN100337,CUST1128,2637.63,Debit,Local Store,2025-05-10 20:34:00,Kolkata,Mobile,12,20706.85,No,0
TXN100338,CUST1039,2878.6,Credit,Swiggy,2025-08-04 12:55:00,Kochi,Mobile,8,11152.53,Yes,1
TXN100339,CUST1338,148.85,Debit,Uber,2025-01-21 08:21:00,London,Mobile,10,17604.44,No,0
TXN100340,CUST1360,9537.84,Debit,Apple,2025-06-04 16:04:00,Dubai,ATM,11,126248.89,Yes,0
TXN100341,CUST1129,1184.36,Debit,Amazon,2025-12-23 22:43:00,Mumbai,Web,11,74858.84,No,0
TXN100342,CUST1267,3047.96,Credit,Other,2025-05-15 13:43:00,Chennai,Mobile,7,16097.67,No,0
TXN100343,CUST1476,491.54,Debit,Flipkart,2025-01-14 00:32:00,Bengaluru,Web,10,32977.19,No,0
TXN100344,CUST1441,409.83,Credit,Uber,2025-05-31 17:09:00,Chennai,Web,5,13221.39,No,0
TXN100345,CUST1473,855.45,Debit,ATM,2025-02-09 01:53:00,Chennai,Web,15,95950.36,No,0
TXN100346,CUST1434,1595.9,Debit,Flipkart,2025-06-29 12:23:00,Bengaluru,Mobile,9,31361.99,No,0
TXN100347,CUST1151,1365.06,Debit,Uber,2025-03-25 07:28:00,Hyderabad,Mobile,7,65359.92,No,0
TXN100348,CUST1415,3531.26,Debit,Google,2025-09-20 09:24:00,Delhi,Mobile,7,16481.75,No,0
TXN100349,CUST1478,187.09,Debit,ATM,2025-01-08 10:19:00,Pune,Web,8,98808.4,No,0
TXN100350,CUST1298,2716.45,Credit,Flipkart,2025-05-17 04:53:00,Bengaluru,Web,6,21376.33,No,0
TXN100351,CUST1099,1833.36,Credit,Uber,2025-01-14 07:29:00,Kolkata,Mobile,8,7908.23,No,0
TXN100352,CUST1263,1498.37,Debit,Myntra,2025-12-27 04:12:00,Pune,Mobile,6,26104.66,No,0
TXN100353,CUST1252,285.12,Debit,ATM,2025-03-24 05:33:00,Delhi,Mobile,7,17762.49,No,0
TXN100354,CUST1144,493.5,Credit,Flipkart,2025-07-06 01:26:00,Dubai,Mobile,5,63184.56,No,0
TXN100355,CUST1346,2075.35,Credit,Uber,2025-12-30 04:28:00,Chennai,ATM,8,18670.24,No,0
TXN100356,CUST1112,94.05,Debit,Swiggy,2025-03-28 10:41:00,Bengaluru,Mobile,6,44505.42,No,0
TXN100357,CUST1500,164.59,Debit,Amazon,2025-05-30 14:00:00,Mumbai,Mobile,5,17824.29,No,0
TXN100358,CUST1060,1736.32,Debit,Swiggy,2025-05-05 06:16:00,Chennai,ATM,11,15766.23,Yes,0
TXN100359,CUST1369,1924.31,Credit,Other,2025-09-30 07:36:00,Delhi,Mobile,11,29750.78,No,0
TXN100360,CUST1002,520.54,Debit,Other,2025-11-08 08:10:00,Mumbai,Web,3,44303.33,No,0
TXN100361,CUST1385,519.05,Debit,Walmart,2025-09-28 19:14:00,Hyderabad,Mobile,4,9225.01,No,0
TXN100362,CUST1304,,Debit,Uber,2025-01-27 10:27:00,Bengaluru,Mobile,11,59408.9,No,0
TXN100363,CUST1254,2662.02,Credit,Zomato,2025-01-13 13:13:00,Hyderabad,Mobile,6,60042.25,No,0
TXN100364,CUST1140,780.75,Debit,Apple,2025-01-26 00:35:00,Delhi,Web,9,23660.99,No,0
TXN100365,CUST1453,321.11,Debit,Swiggy,2025-05-17 03:29:00,Delhi,Mobile,3,25778.5,No,0
TXN100366,CUST1037,4793.94,Debit,Flipkart,2025-06-12 08:22:00,Bengaluru,Mobile,13,4078.69,No,0
TXN100367,CUST1160,302.79,Debit,Google,2025-11-14 22:28:00,Chennai,Web,8,114919.48,Yes,0
TXN100368,CUST1009,2155.89,Debit,ATM,2025-02-13 00:09:00,Chennai,Mobile,8,23358.8,No,0
TXN100369,CUST1233,3642.25,Credit,Apple,2025-07-19 12:33:00,Chennai,Mobile,6,67034.33,No,1
TXN100370,CUST1099,1089.27,Credit,Zomato,2025-03-02 17:48:00,Dubai,Mobile,11,18886.44,No,0
TXN100371,CUST1147,608.69,Credit,Local Store,2025-01-25 00:34:00,Chennai,Mobile,6,29797.2,No,0
TXN100372,CUST1304,218.29,Credit,Uber,2025-05-14 03:03:00,Pune,Web,5,44015.27,No,0
TXN100373,CUST1208,1167.21,Debit,Google,2025-02-01 06:33:00,Dubai,,4,21074.35,No,1
TXN100374,CUST1131,253.96,Credit,Uber,2025-02-21 07:01:00,Chennai,ATM,4,9192.14,No,0
TXN100375,CUST1404,1490.36,Debit,Walmart,2025-07-24 02:14:00,Mumbai,Web,8,27054.1,No,0
TXN100376,CUST1152,144.64,Debit,Zomato,2025-11-21 07:36:00,London,Mobile,9,10292.74,No,0
TXN100377,CUST1054,205.05,Credit,ATM,2025-02-24 07:42:00,Kochi,ATM,6,15566.92,No,0
TXN100378,CUST1120,1250.74,Debit,ATM,2025-05-22 15:41:00,Mumbai,Mobile,7,18536.49,No,0
TXN100379,CUST1161,2539.36,Debit,Uber,2025-03-14 08:51:00,Pune,Mobile,5,31546.65,Yes,0
TXN100380,CUST1408,825.24,Debit,Flipkart,2025-05-10 09:21:00,Kochi,Mobile,4,18356.75,No,0
TXN100381,CUST1116,3136.02,Debit,Walmart,2025-11-04 00:31:00,Hyderabad,Mobile,8,11914.52,No,0
TXN100382,CUST1075,625.79,Debit,Myntra,2025-12-05 16:09:00,Dubai,Web,9,34229.12,No,0
TXN100383,CUST1113,9678.79,Credit,Local Store,2025-11-14 07:56:00,Mumbai,Mobile,7,48493.64,No,0
TXN100384,CUST1456,289.8,Credit,Zomato,2025-01-21 19:44:00,Delhi,Mobile,9,10511.42,No,0
TXN100385,CUST1420,537.57,Debit,Amazon,2025-01-05 02:21:00,London,Mobile,4,30161.01,No,0
TXN100386,CUST1422,4235.58,Debit,Google,2025-04-23 22:24:00,Kochi,Mobile,12,52278.21,No,0
TXN100387,CUST1104,846.98,Debit,Swiggy,2025-06-04 09:17:00,Hyderabad,Mobile,7,32083.66,No,0
TXN100388,CUST1340,2834.54,Credit,Other,2025-07-23 14:39:00,Chennai,Web,7,11994.24,No,0
TXN100389,CUST1254,292.34,Debit,Uber,2025-04-12 05:48:00,Kolkata,Mobile,10,35581.13,Yes,0
TXN100390,CUST1227,423.05,Debit,Google,2025-01-17 06:29:00,Pune,Web,11,29724.83,No,0
TXN100391,CUST1112,1994.15,Debit,Google,2025-05-21 13:00:00,Kolkata,Mobile,8,33322.9,No,0
TXN100392,CUST1473,260.42,Debit,Amazon,2025-11-03 13:40:00,London,Mobile,7,30586.85,No,0
TXN100393,CUST1099,325.94,Debit,Amazon,2025-06-20 05:27:00,Kochi,Web,6,6542.51,Yes,0
TXN100394,CUST1153,981.18,Credit,Walmart,2025-01-13 01:07:00,Mumbai,Web,8,26104.41,No,0
TXN100395,CUST1349,4096.04,Debit,Zomato,2025-12-01 22:35:00,Chennai,Mobile,10,60640.5,No,0
TXN100396,CUST1402,1583.18,Debit,Flipkart,2025-01-06 12:47:00,Mumbai,Web,4,87361.89,No,0
TXN100397,CUST1384,890.46,Debit,Local Store,2025-06-06 12:11:00,Kolkata,ATM,13,62679.27,No,0
TXN100398,CUST1366,1292.84,Credit,Other,2025-05-25 19:24:00,Delhi,ATM,7,30314.37,No,0
TXN100399,CUST1338,192.5,Debit,ATM,2025-04-25 08:45:00,Delhi,Web,8,49951.87,No,0
TXN100400,CUST1194,614.1,Debit,Amazon,2025-06-24 16:17:00,Mumbai,Web,5,44678.35,No,0
TXN100401,CUST1310,1704.32,Debit,Amazon,2025-09-21 13:51:00,Hyderabad,Mobile,9,24982.81,No,0
TXN100402,CUST1163,1390.06,Debit,Swiggy,2025-11-24 03:22:00,Bengaluru,Web,12,70402.61,No,0
TXN100403,CUST1208,2021.66,Credit,Myntra,2025-02-12 01:05:00,Delhi,Mobile,7,18306.07,No,0
TXN100404,CUST1445,2211.64,Debit,Amazon,2025-06-12 21:15:00,Bengaluru,ATM,6,27425.66,No,0
TXN100405,CUST1169,1375.4,Credit,Myntra,2025-06-05 11:34:00,Hyderabad,Mobile,10,58489.61,No,0
TXN100406,CUST1484,88.76,Debit,Walmart,2025-07-29 18:26:00,Hyderabad,Mobile,11,14948.78,No,0
TXN100407,CUST1161,1535.27,Credit,Flipkart,2025-09-07 10:17:00,Delhi,Mobile,5,10917.73,No,0
TXN100408,CUST1068,674.08,Debit,Google,2025-09-12 19:36:00,Chennai,Mobile,12,14360.85,Yes,0
TXN100409,CUST1289,745.02,Credit,ATM,2025-06-23 22:57:00,Kochi,Mobile,10,41486.48,No,0
TXN100410,CUST1398,755.91,Debit,Amazon,2025-11-04 16:17:00,Delhi,Web,14,158760.27,No,0
TXN100411,CUST1277,1468.18,Debit,Uber,2025-12-03 23:58:00,Kolkata,Web,8,73010.43,No,0
TXN100412,CUST1304,252.19,Credit,Myntra,2025-04-19 09:44:00,Pune,Web,13,53480.47,No,0
TXN100413,CUST1404,197.17,Debit,Swiggy,2025-02-01 04:56:00,Hyderabad,Mobile,5,96228.63,No,0
TXN100414,CUST1384,317.96,Debit,Local Store,2025-05-21 07:36:00,Mumbai,Web,8,36940.38,No,0
TXN100415,CUST1392,2750.5,Debit,Swiggy,2025-06-06 13:49:00,London,Mobile,13,18706.45,No,0
TXN100416,CUST1135,708.27,Debit,Amazon,2025-01-20 13:01:00,Pune,Mobile,12,28395.3,No,0
TXN100417,CUST1195,1818.0,Debit,Zomato,2025-04-06 11:18:00,London,Web,6,24327.17,No,0
TXN100418,CUST1401,1772.13,Debit,Google,2025-03-09 14:39:00,Pune,Web,8,14438.9,No,0
TXN100419,CUST1128,1630.71,Debit,Flipkart,2025-04-18 04:43:00,Bengaluru,Mobile,8,25431.29,No,0
TXN100420,CUST1033,1856.96,Credit,Uber,2025-12-09 11:18:00,Chennai,Mobile,11,9228.68,No,0
TXN100421,CUST1176,650.49,Debit,Zomato,2025-01-17 04:32:00,Delhi,Mobile,11,23342.59,No,0
TXN100422,CUST1460,2140.54,Credit,Swiggy,2025-10-24 19:07:00,Hyderabad,Mobile,8,27631.17,No,0
TXN100423,CUST1443,1606.54,Credit,Myntra,2025-10-30 01:55:00,Bengaluru,Mobile,8,26115.96,No,0
TXN100424,CUST1371,224.49,Debit,Myntra,2025-12-14 14:11:00,Kochi,ATM,5,105047.52,No,0
TXN100425,CUST1470,1163.76,Debit,Zomato,2025-12-11 11:17:00,Hyderabad,Web,9,34552.63,No,0
TXN100426,CUST1375,944.52,Debit,Myntra,2025-06-22 23:02:00,Hyderabad,Web,11,111691.23,No,0
TXN100427,CUST1022,1742.16,Debit,Swiggy,2025-10-11 18:38:00,Kochi,Mobile,8,10622.05,No,0
TXN100428,CUST1238,1125.18,Credit,Zomato,2025-10-30 13:24:00,Kochi,Web,6,57369.56,No,0
TXN100429,CUST1158,862.94,Debit,Swiggy,2025-02-09 14:22:00,Hyderabad,Mobile,7,34908.29,No,0
TXN100430,CUST1038,5199.62,Debit,Uber,2025-08-20 12:13:00,Kochi,Mobile,7,27636.95,No,0
TXN100431,CUST1230,2013.8,Debit,Google,2025-03-10 19:11:00,Kochi,Mobile,7,11001.36,No,0
TXN100432,CUST1365,1142.12,Debit,Local Store,2025-05-07 13:48:00,Mumbai,Web,5,38375.79,No,0
TXN100433,CUST1051,358.33,Debit,Uber,2025-09-07 05:58:00,Chennai,ATM,8,163686.88,No,0
TXN100434,CUST1438,1237.21,Debit,Uber,2025-12-07 00:26:00,Chennai,Mobile,9,41376.65,No,0
TXN100435,CUST1264,467.2,Credit,Myntra,2025-07-20 14:19:00,Delhi,Mobile,6,28719.7,No,0
TXN100436,CUST1283,210.0,Debit,Amazon,2025-12-12 14:20:00,Hyderabad,Mobile,7,33240.04,No,0
TXN100437,CUST1027,730.25,Debit,Apple,2025-02-23 00:53:00,London,Web,7,46269.19,No,0
TXN100438,CUST1226,776.85,Credit,Myntra,2025-05-15 01:01:00,Pune,Mobile,12,95986.11,No,0
TXN100439,CUST1277,3070.87,Debit,Amazon,2025-05-15 12:38:00,Pune,Mobile,7,22532.42,No,0
TXN100440,CUST1286,2903.03,Credit,Swiggy,2025-02-13 18:37:00,London,Web,7,34157.28,Yes,0
TXN100441,CUST1097,2141.36,Credit,Apple,2025-06-12 15:33:00,Dubai,Mobile,8,29840.48,No,0
TXN100442,CUST1284,1004.42,Debit,Myntra,2025-05-22 22:06:00,Hyderabad,Mobile,11,21126.63,No,0
TXN100443,CUST1367,1018.3,Credit,Other,2025-12-15 21:40:00,Bengaluru,Mobile,6,34445.38,No,0
TXN100444,CUST1448,1910.9,Debit,Apple,2025-04-18 02:49:00,Pune,Web,12,93711.95,No,0
TXN100445,CUST1481,2086.54,Credit,Apple,2025-07-18 17:26:00,Hyderabad,Mobile,11,18232.79,No,0
TXN100446,CUST1453,1566.27,Debit,Walmart,2025-06-04 05:24:00,Mumbai,ATM,8,39195.74,No,0
TXN100447,CUST1317,1823.59,Credit,Google,2025-12-06 22:56:00,Kolkata,Web,11,40210.96,No,0
TXN100448,CUST1304,1024.68,Credit,Walmart,2025-02-11 23:08:00,Dubai,Mobile,10,29514.63,No,0
TXN100449,CUST1147,827.02,Credit,Amazon,2025-08-12 06:17:00,Mumbai,Mobile,11,41060.2,No,0
TXN100450,CUST1004,119.06,Credit,Flipkart,2025-05-11 06:44:00,Pune,Mobile,5,39737.76,No,0
TXN100451,CUST1035,780.5,Debit,Zomato,2025-03-11 22:09:00,Bengaluru,Mobile,6,14976.65,No,0
TXN100452,CUST1192,532.4,Credit,Other,2025-11-07 03:56:00,Kolkata,ATM,8,28421.81,No,0
TXN100453,CUST1049,1208.91,Debit,Local Store,2025-07-02 03:47:00,Chennai,Web,5,29394.71,No,0
TXN100454,CUST1017,557.6,Credit,Flipkart,2025-07-30 19:28:00,Dubai,Mobile,5,13537.73,No,0
TXN100455,CUST1172,1258.02,Debit,Zomato,2025-12-16 03:14:00,Chennai,Mobile,3,31076.79,No,0
TXN100456,CUST1220,169.93,Debit,Amazon,2025-11-18 21:47:00,Pune,Mobile,7,29123.91,No,0
TXN100457,CUST1158,418.3,Debit,ATM,2025-10-08 10:50:00,Chennai,Mobile,12,135601.7,No,0
TXN100458,CUST1477,536.38,Debit,Amazon,2025-04-05 08:30:00,Bengaluru,Web,9,16018.75,No,0
TXN100459,CUST1046,383.78,Credit,Swiggy,2025-07-17 14:44:00,Mumbai,Mobile,3,62960.46,No,0
TXN100460,CUST1373,24782.99,Debit,Local Store,2025-12-21 08:19:00,Mumbai,ATM,8,42403.01,No,0
TXN100461,CUST1006,144.13,Debit,ATM,2025-07-22 09:24:00,Bengaluru,Mobile,11,64520.05,No,0
TXN100462,CUST1099,2154.69,Debit,Google,2025-01-08 11:09:00,Hyderabad,Web,7,16302.56,No,0
TXN100463,CUST1380,2969.09,Credit,Apple,2025-07-28 01:51:00,Pune,ATM,8,7244.71,No,0
TXN100464,CUST1233,,Debit,Walmart,2025-06-06 06:19:00,Kolkata,Mobile,12,27432.44,No,0
TXN100465,CUST1037,1528.46,Debit,,2025-10-24 05:37:00,Chennai,Mobile,8,52994.7,No,0
TXN100466,CUST1280,2019.2,Debit,Amazon,2025-07-21 18:04:00,Pune,Mobile,13,23361.87,No,0
TXN100467,CUST1349,1255.97,Debit,Walmart,2025-06-28 03:53:00,Chennai,Mobile,9,26620.38,No,0
TXN100468,CUST1497,187.62,Debit,Other,2025-11-08 11:32:00,Delhi,ATM,3,130820.1,No,0
TXN100469,CUST1302,1647.66,Debit,Other,2025-09-21 13:04:00,Bengaluru,ATM,5,17229.41,Yes,0
TXN100470,CUST1181,2896.15,Debit,Other,2025-02-07 01:12:00,Delhi,ATM,4,59519.75,No,0
TXN100471,CUST1095,8635.35,Credit,ATM,2025-10-22 12:47:00,Bengaluru,Web,10,14247.84,No,0
TXN100472,CUST1099,276.29,Credit,Amazon,2025-04-24 18:56:00,London,Mobile,7,70447.41,No,0
TXN100473,CUST1188,923.07,Debit,Apple,2025-01-03 05:11:00,Hyderabad,ATM,11,28215.91,No,0
TXN100474,CUST1481,1065.96,Credit,Amazon,2025-05-16 21:53:00,Bengaluru,ATM,12,42883.84,No,0
TXN100475,CUST1116,992.65,Debit,Swiggy,2025-11-04 14:19:00,Bengaluru,Mobile,8,18362.98,No,0
TXN100476,CUST1191,205.72,Debit,Google,2025-01-03 12:31:00,Dubai,Mobile,7,31908.73,Yes,0
TXN100477,CUST1253,3300.96,Debit,Uber,2025-04-06 07:24:00,Kolkata,Mobile,6,,No,0
TXN100478,CUST1469,2971.38,Debit,Myntra,2025-07-31 06:24:00,Pune,Mobile,8,10298.84,No,0
TXN100479,CUST1416,1598.16,Debit,ATM,2025-06-02 21:29:00,Dubai,Mobile,7,20537.71,No,0
TXN100480,CUST1471,716.6,Debit,Google,2025-10-15 03:37:00,Dubai,ATM,7,36329.83,Yes,0
TXN100481,CUST1161,884.01,Debit,Google,2025-06-04 03:32:00,Pune,ATM,10,16893.37,No,0
TXN100482,CUST1256,823.55,Credit,Flipkart,2025-09-28 17:58:00,Bengaluru,Mobile,11,33911.91,No,0
TXN100483,CUST1323,272.92,Debit,Local Store,2025-12-20 05:59:00,Kochi,Mobile,6,25878.13,No,0
TXN100484,CUST1128,2210.31,Debit,Local Store,2025-10-20 22:18:00,Bengaluru,Web,6,46433.15,No,0
TXN100485,CUST1018,1123.15,Debit,ATM,2025-01-05 22:19:00,Pune,Web,8,26203.4,No,0
TXN100486,CUST1281,2179.18,Debit,Other,2025-10-18 17:27:00,Kolkata,Mobile,3,177310.56,Yes,0
TXN100487,CUST1490,1420.59,Debit,Zomato,2025-03-09 04:02:00,Pune,Web,11,6788.2,Yes,0
TXN100488,CUST1223,401.24,Debit,Myntra,2025-02-14 09:36:00,Delhi,ATM,9,16403.23,No,0
TXN100489,CUST1054,434.73,Credit,Apple,2025-06-05 02:12:00,Kolkata,ATM,6,49442.74,No,0
TXN100490,CUST1058,4079.46,Debit,Other,2025-08-13 08:24:00,London,Mobile,6,34173.37,No,0
TXN100491,CUST1323,1919.31,Debit,ATM,2025-12-05 13:10:00,Chennai,Mobile,10,41242.69,No,0
TXN100492,CUST1360,749.83,Debit,Uber,2025-02-14 02:50:00,Hyderabad,ATM,4,2683.38,No,0
TXN100493,CUST1174,1920.58,Debit,Uber,2025-10-26 05:20:00,Delhi,Mobile,10,25937.41,Yes,0
TXN100494,CUST1280,458.8,Debit,ATM,2025-07-07 10:52:00,London,Web,4,29870.94,No,0
TXN100495,CUST1114,3247.67,Debit,Local Store,2025-04-13 12:03:00,Chennai,Mobile,9,46924.91,No,0
TXN100496,CUST1288,282.16,Debit,Google,2025-04-09 01:34:00,Chennai,Mobile,9,38819.53,No,0
TXN100497,CUST1431,1335.12,Debit,Swiggy,2025-10-07 22:02:00,Chennai,Mobile,4,30024.85,No,0
TXN100498,CUST1342,956.67,Debit,Zomato,2025-05-20 16:19:00,Chennai,Mobile,5,27541.73,No,0
TXN100499,CUST1151,1110.99,Debit,Amazon,2025-11-10 06:42:00,Dubai,ATM,10,11560.21,No,0
TXN100500,CUST1450,2103.06,Debit,Zomato,2025-04-21 13:30:00,Pune,Mobile,9,38513.77,No,0
TXN100501,CUST1127,2984.1,Debit,Flipkart,2025-03-06 07:21:00,Kolkata,ATM,6,27112.0,No,0
TXN100502,CUST1155,726.22,Debit,Zomato,2025-01-21 19:16:00,Delhi,ATM,10,21507.01,No,0
TXN100503,CUST1490,149.69,Debit,Google,2025-06-15 12:20:00,Pune,Mobile,5,29441.4,No,0
TXN100504,CUST1386,197.0,Debit,Apple,2025-11-23 01:11:00,Chennai,Web,9,22701.44,No,0
TXN100505,CUST1474,748.42,Debit,Google,2025-10-20 16:46:00,Mumbai,Mobile,10,10043.32,No,0
TXN100506,CUST1273,1134.87,Debit,Local Store,2025-01-28 06:39:00,Mumbai,Web,5,48663.45,Yes,0
TXN100507,CUST1104,1596.1,Debit,Apple,2025-09-16 06:51:00,Chennai,Mobile,8,121040.97,No,0
TXN100508,CUST1417,1327.86,Credit,Walmart,2025-04-14 06:22:00,Mumbai,Mobile,9,36604.8,No,0
TXN100509,CUST1393,2671.81,Debit,Apple,2025-02-12 09:43:00,Hyderabad,Mobile,9,37105.89,No,0
TXN100510,CUST1299,6644.97,Credit,Zomato,2025-06-26 14:31:00,Chennai,Web,3,91552.9,Yes,0
TXN100511,CUST1246,1207.4,Debit,Zomato,2025-11-06 06:57:00,Chennai,ATM,8,123918.19,No,0
TXN100512,CUST1176,1573.2,Debit,Zomato,2025-12-07 05:34:00,Pune,Mobile,6,26060.89,No,0
TXN100513,CUST1039,510.19,Debit,Walmart,2025-12-27 11:29:00,Chennai,Mobile,16,17297.87,No,0
TXN100514,CUST1477,1158.49,Debit,Local Store,2025-05-25 17:52:00,Dubai,Mobile,7,41247.68,No,0
TXN100515,CUST1170,1348.67,Debit,Amazon,2025-05-07 10:11:00,Chennai,Web,6,33461.06,No,0
TXN100516,CUST1247,1279.2,Debit,Other,2025-03-09 19:41:00,Kochi,Mobile,9,61368.48,No,0
TXN100517,CUST1026,517.66,Debit,Myntra,2025-11-11 10:16:00,Dubai,Web,6,29815.99,No,0
TXN100518,CUST1355,1293.28,Debit,Local Store,2025-11-24 06:16:00,London,Mobile,6,31494.3,No,0
TXN100519,CUST1306,1201.98,Credit,Other,2025-03-27 14:17:00,Kochi,Web,14,14468.81,No,0
TXN100520,CUST1409,1505.36,Credit,Zomato,2025-07-06 20:14:00,Hyderabad,Web,9,63959.4,Yes,0
TXN100521,CUST1408,734.69,Debit,ATM,2025-10-18 14:03:00,Hyderabad,Web,19,18462.15,No,0
TXN100522,CUST1013,1108.66,Debit,Other,2025-08-12 13:09:00,Mumbai,Web,9,12148.37,No,0
TXN100523,CUST1316,9673.2,Debit,Local Store,2025-03-20 11:10:00,Chennai,Mobile,13,4066.8,No,0
TXN100524,CUST1391,1158.09,Debit,Flipkart,2025-02-18 06:39:00,Chennai,ATM,7,27559.79,No,0
TXN100525,CUST1313,3200.22,Debit,Uber,2025-01-07 14:23:00,Kochi,Web,10,17452.11,No,0
TXN100526,CUST1036,4561.79,Credit,Uber,2025-05-14 04:15:00,Delhi,ATM,7,24952.37,No,0
TXN100527,CUST1173,256.59,Debit,ATM,2025-04-13 18:17:00,Delhi,Mobile,14,20608.31,No,0
TXN100528,CUST1020,898.43,Debit,Myntra,2025-11-10 12:55:00,Dubai,Mobile,8,22607.18,Yes,0
TXN100529,CUST1321,940.12,Debit,Myntra,2025-01-19 14:46:00,Kolkata,Mobile,2,16032.79,No,0
TXN100530,CUST1264,8218.84,Credit,Amazon,2025-05-03 06:32:00,Kolkata,Mobile,10,16967.65,No,0
TXN100531,CUST1494,7208.29,Debit,Flipkart,2025-10-16 11:04:00,Pune,Mobile,10,14590.99,No,0
TXN100532,CUST1400,256.3,Debit,Google,2025-02-18 16:39:00,Chennai,ATM,3,25654.62,No,0
TXN100533,CUST1142,401.1,Credit,Local Store,2025-05-09 14:05:00,Hyderabad,Web,12,12595.67,No,0
TXN100534,CUST1460,3734.67,Debit,Apple,2025-11-23 20:01:00,London,ATM,10,76371.23,No,0
TXN100535,CUST1371,650.4,Credit,Apple,2025-11-24 02:27:00,Dubai,Mobile,7,29531.38,No,0
TXN100536,CUST1471,2097.46,Debit,Google,2025-10-10 23:47:00,Dubai,Mobile,11,9399.72,No,0
TXN100537,CUST1143,881.0,Credit,Uber,2025-02-28 09:20:00,Mumbai,ATM,6,35060.62,No,0
TXN100538,CUST1092,375.71,Debit,Google,2025-06-25 13:11:00,Kochi,Mobile,13,15159.78,No,0
TXN100539,CUST1354,4041.91,Debit,Local Store,2025-02-24 00:34:00,Chennai,Mobile,10,65101.74,No,0
TXN100540,CUST1322,530.05,Credit,Other,2025-07-23 11:05:00,Chennai,ATM,9,18771.66,No,0
TXN100541,CUST1288,963.28,Debit,Flipkart,2025-03-28 10:07:00,Mumbai,Mobile,9,84543.37,No,0
TXN100542,CUST1215,352.63,Debit,Zomato,2025-03-25 08:29:00,Mumbai,Mobile,3,62930.41,No,0
TXN100543,CUST1447,361.18,Debit,Walmart,2025-05-05 21:10:00,Bengaluru,ATM,7,455966.08,No,0
TXN100544,CUST1342,1163.45,Debit,ATM,2025-12-19 17:42:00,Hyderabad,Mobile,10,31987.33,No,0
TXN100545,CUST1051,423.5,Debit,Zomato,2025-08-24 00:16:00,Bengaluru,ATM,4,49867.87,Yes,0
TXN100546,CUST1153,4951.85,Debit,Walmart,2025-08-01 13:34:00,Mumbai,Mobile,8,30014.93,No,0
TXN100547,CUST1186,2184.17,Debit,Apple,2025-05-11 12:01:00,Kochi,Web,3,31691.04,No,0
TXN100548,CUST1063,2424.75,Debit,ATM,2025-09-09 20:04:00,Kolkata,Mobile,9,74961.88,No,0
TXN100549,CUST1190,818.18,Debit,Myntra,2025-12-13 07:25:00,Chennai,Web,8,53072.42,No,0
TXN100550,CUST1125,841.07,Debit,Other,2025-09-27 06:12:00,Mumbai,Mobile,8,,No,0
TXN100551,CUST1150,1709.04,Credit,Local Store,2025-08-28 09:10:00,Kolkata,Web,8,80068.94,No,0
TXN100552,CUST1314,73.4,Credit,Zomato,2025-11-10 07:17:00,Delhi,Mobile,10,63004.29,No,0
TXN100553,CUST1058,695.55,Credit,Google,2025-02-10 06:45:00,Mumbai,Mobile,10,95551.28,Yes,0
TXN100554,CUST1342,177.6,Debit,Flipkart,2025-05-31 22:02:00,Kolkata,Web,6,74253.11,No,0
TXN100555,CUST1305,1376.53,Debit,,2025-05-12 19:04:00,London,Mobile,14,22809.2,No,0
TXN100556,CUST1180,344.94,Debit,Uber,2025-01-17 05:47:00,Chennai,Mobile,10,21049.23,No,0
TXN100557,CUST1170,971.72,Debit,Flipkart,2025-03-01 08:17:00,Mumbai,Mobile,7,21609.51,No,0
TXN100558,CUST1326,451.53,Debit,Flipkart,2025-04-11 02:09:00,Mumbai,Mobile,9,53404.86,No,0
TXN100559,CUST1271,4571.05,Debit,Myntra,2025-08-09 17:55:00,Delhi,Mobile,8,81403.58,No,0
TXN100560,CUST1054,10520.83,Debit,Google,2025-05-05 20:01:00,Chennai,Mobile,7,65758.71,No,0
TXN100561,CUST1491,2743.26,Credit,Apple,2025-12-03 16:14:00,Bengaluru,Mobile,12,10187.79,No,0
TXN100562,CUST1444,2901.43,Debit,Flipkart,2025-05-04 07:18:00,Hyderabad,Web,7,17397.98,No,0
TXN100563,CUST1101,1050.88,Debit,Apple,2025-10-21 17:15:00,London,Mobile,9,49634.33,No,0
TXN100564,CUST1481,585.16,Debit,Myntra,2025-09-15 14:45:00,Pune,Mobile,3,74737.63,No,0
TXN100565,CUST1264,159.62,Debit,Flipkart,2025-01-03 14:34:00,Kolkata,ATM,11,37461.95,Yes,0
TXN100566,CUST1053,1315.41,Credit,ATM,2025-02-16 17:00:00,Kochi,ATM,8,93526.09,No,0
TXN100567,CUST1060,811.52,Debit,Local Store,2025-02-16 11:12:00,Chennai,Mobile,6,7201.42,Yes,0
TXN100568,CUST1492,1372.45,Debit,Uber,2025-06-28 06:15:00,Kochi,Mobile,9,25412.31,No,0
TXN100569,CUST1108,538.71,Debit,Zomato,2025-08-29 08:50:00,Delhi,ATM,8,86064.69,No,0
TXN100570,CUST1005,246.8,Debit,Local Store,2025-01-21 15:25:00,Hyderabad,Mobile,10,38344.06,No,0
TXN100571,CUST1103,344.17,Debit,Swiggy,2025-04-06 03:18:00,Kochi,Mobile,10,16255.99,No,0
TXN100572,CUST1196,5072.88,Credit,ATM,2025-03-14 14:35:00,Kochi,Mobile,8,53765.15,No,0
TXN100573,CUST1262,7595.7,Credit,Amazon,2025-07-01 14:06:00,Kochi,Web,9,32960.36,No,0
TXN100574,CUST1365,227.77,Credit,Flipkart,2025-06-11 21:03:00,Chennai,Mobile,7,21026.16,No,1
TXN100575,CUST1480,560.93,Debit,Apple,2025-10-16 19:12:00,London,Web,5,9147.95,No,0
TXN100576,CUST1372,191.26,Credit,Amazon,2025-02-08 07:07:00,London,Web,6,50120.51,Yes,0
TXN100577,CUST1350,1165.91,Debit,Walmart,2025-11-04 13:22:00,Hyderabad,Mobile,6,13160.32,No,0
TXN100578,CUST1047,1196.56,Debit,Flipkart,2025-11-27 06:24:00,Chennai,ATM,10,148247.28,No,0
TXN100579,CUST1355,976.69,Debit,Swiggy,2025-07-28 23:31:00,Bengaluru,Mobile,5,7809.94,No,0
TXN100580,CUST1311,662.68,Debit,Myntra,2025-06-20 00:39:00,London,Web,14,30980.27,Yes,0
TXN100581,CUST1424,1401.33,Debit,Uber,2025-11-13 18:42:00,Delhi,Mobile,7,52243.04,No,0
TXN100582,CUST1308,2103.24,Credit,Swiggy,2025-03-08 00:41:00,Hyderabad,Mobile,5,13866.43,No,0
TXN100583,CUST1144,2194.72,Debit,Apple,2025-09-25 06:25:00,Hyderabad,Mobile,8,17463.21,No,0
TXN100584,CUST1269,3714.53,Debit,Myntra,2025-02-25 15:02:00,Bengaluru,Mobile,5,56255.46,Yes,0
TXN100585,CUST1370,773.49,Debit,Other,2025-04-19 17:30:00,Kolkata,,8,14573.58,No,0
TXN100586,CUST1124,610.75,Credit,Zomato,2025-02-17 00:15:00,Mumbai,Mobile,5,125551.93,No,0
TXN100587,CUST1106,2843.52,Credit,Myntra,2025-10-27 09:16:00,London,Mobile,10,30999.53,No,0
TXN100588,CUST1158,625.11,Credit,Flipkart,2025-12-29 05:28:00,Kolkata,Web,6,21706.59,No,0
TXN100589,CUST1147,885.75,Debit,Amazon,2025-03-23 09:55:00,Kochi,Mobile,9,100368.08,No,0
TXN100590,CUST1145,634.21,Debit,Amazon,2025-11-03 04:37:00,Hyderabad,Web,7,13440.98,No,0
TXN100591,CUST1120,5991.42,Debit,Apple,2025-01-14 05:13:00,Chennai,Mobile,3,108805.87,No,0
TXN100592,CUST1319,1968.21,Debit,Myntra,2025-12-25 14:49:00,Mumbai,Mobile,6,14231.54,No,0
TXN100593,CUST1275,352.65,Debit,Swiggy,2025-05-16 01:49:00,Hyderabad,Mobile,7,76467.12,No,0
TXN100594,CUST1092,1095.15,Debit,ATM,2025-09-20 09:49:00,Bengaluru,Mobile,9,120367.78,No,0
TXN100595,CUST1058,1644.6,Debit,Apple,2025-04-11 16:56:00,London,Mobile,6,27501.98,No,0
TXN100596,CUST1439,356.74,Credit,Other,2025-07-15 20:17:00,Mumbai,Mobile,8,27436.31,No,0
TXN100597,CUST1346,1562.91,Debit,Uber,2025-03-04 03:04:00,Bengaluru,ATM,8,24009.15,No,0
TXN100598,CUST1229,943.03,Debit,Apple,2025-03-23 11:22:00,Bengaluru,ATM,7,16540.62,No,0
TXN100599,CUST1474,322.09,Debit,Apple,2025-11-07 19:17:00,Hyderabad,Mobile,10,31684.96,No,0
TXN100600,CUST1117,285.17,Credit,Zomato,2025-10-17 13:38:00,London,Web,15,58691.91,No,1
TXN100601,CUST1318,4310.63,Credit,Local Store,2025-12-30 19:26:00,Bengaluru,Mobile,8,46212.04,No,0
TXN100602,CUST1279,474.01,Credit,Flipkart,2025-06-12 22:27:00,Hyderabad,Mobile,9,43541.96,Yes,0
TXN100603,CUST1127,3004.96,Credit,Zomato,2025-03-21 19:14:00,Kolkata,Web,5,17152.07,No,0
TXN100604,CUST1393,2114.71,Debit,Amazon,2025-03-14 03:32:00,Hyderabad,Mobile,2,13250.14,No,0
TXN100605,CUST1396,587.94,Debit,Amazon,2025-07-03 10:47:00,Bengaluru,Mobile,3,111957.93,No,0
TXN100606,CUST1129,1806.18,Debit,ATM,2025-05-13 13:08:00,Chennai,Mobile,5,10924.52,No,0
TXN100607,CUST1058,1522.61,Debit,Walmart,2025-02-25 14:33:00,Hyderabad,Mobile,9,26531.78,No,0
TXN100608,CUST1122,2715.29,Debit,Walmart,2025-03-14 08:35:00,Chennai,Mobile,7,52272.82,No,0
TXN100609,CUST1001,1306.09,Debit,ATM,2025-01-24 12:08:00,Chennai,Mobile,5,93045.91,No,0
TXN100610,CUST1239,786.88,Credit,Swiggy,2025-07-21 07:50:00,Kochi,Mobile,10,30214.68,No,0
TXN100611,CUST1290,4120.43,Credit,Amazon,2025-02-17 06:59:00,Chennai,Mobile,14,36525.5,No,0
TXN100612,CUST1096,2277.82,Credit,Local Store,2025-10-26 02:36:00,Pune,Web,6,20860.15,No,0
TXN100613,CUST1126,576.35,Credit,Zomato,2025-02-18 00:02:00,Kochi,Mobile,9,108893.07,No,0
TXN100614,CUST1118,919.27,Debit,Uber,2025-10-17 04:41:00,Delhi,Web,8,83218.49,Yes,0
TXN100615,CUST1048,4022.73,Debit,Local Store,2025-07-06 15:47:00,Hyderabad,Web,4,14039.8,No,0
TXN100616,CUST1089,4908.35,Debit,Other,2025-12-04 16:35:00,Chennai,Web,5,48641.21,No,0
TXN100617,CUST1488,917.62,Debit,ATM,2025-07-27 13:11:00,Pune,Web,9,27255.21,No,0
TXN100618,CUST1237,1785.67,Credit,Walmart,2025-03-17 17:59:00,Delhi,Mobile,8,37581.92,Yes,0
TXN100619,CUST1373,1573.23,Debit,Myntra,2025-01-12 03:09:00,Kolkata,Mobile,12,16301.07,No,0
TXN100620,CUST1385,364.93,Credit,Local Store,2025-06-21 01:53:00,Chennai,Mobile,6,6865.67,Yes,0
TXN100621,CUST1272,1825.83,Debit,ATM,2025-10-10 22:42:00,Dubai,ATM,12,12946.06,No,0
TXN100622,CUST1189,127.45,Debit,Local Store,2025-05-16 05:18:00,Chennai,Web,6,19600.23,No,0
TXN100623,CUST1487,2723.63,Debit,Other,2025-10-21 00:27:00,Hyderabad,Mobile,9,20453.68,No,0
TXN100624,CUST1192,1846.1,Debit,Local Store,2025-09-16 01:22:00,Mumbai,Mobile,4,5127.54,Yes,0
TXN100625,CUST1447,53.21,Debit,Local Store,2025-02-17 20:46:00,Chennai,ATM,8,37554.94,No,0
TXN100626,CUST1069,417.86,Debit,Local Store,2025-08-09 14:10:00,Mumbai,Mobile,12,10331.45,No,0
TXN100627,CUST1278,188.42,Credit,Walmart,2025-11-04 15:51:00,Pune,Mobile,5,28871.34,Yes,0
TXN100628,CUST1349,393.35,Debit,Amazon,2025-01-30 05:32:00,Kochi,Mobile,5,12235.35,No,0
TXN100629,CUST1247,1253.52,Debit,Apple,2025-08-14 11:23:00,Dubai,ATM,13,7770.01,No,0
TXN100630,CUST1451,6262.12,Debit,Local Store,2025-04-17 04:09:00,Mumbai,Mobile,5,28643.25,No,0
TXN100631,CUST1076,1838.87,Debit,Local Store,2025-05-02 12:46:00,Kolkata,Mobile,5,25581.36,No,0
TXN100632,CUST1154,750.05,Credit,Flipkart,2025-04-09 03:30:00,Chennai,Web,7,31916.89,No,0
TXN100633,CUST1144,2247.2,Debit,Amazon,2025-02-10 02:55:00,Mumbai,Mobile,8,98436.67,No,0
TXN100634,CUST1435,2038.4,Credit,Apple,2025-07-05 20:13:00,Chennai,ATM,4,50630.47,No,0
TXN100635,CUST1485,4659.4,Debit,Uber,2025-07-22 01:58:00,Hyderabad,Mobile,5,130381.88,No,0
TXN100636,CUST1086,2534.05,Credit,Uber,2025-02-22 22:56:00,Hyderabad,Mobile,4,23616.69,No,0
TXN100637,CUST1185,1102.78,Debit,Myntra,2025-09-08 21:18:00,Mumbai,ATM,7,17304.98,No,0
TXN100638,CUST1285,243.17,Debit,ATM,2025-05-06 22:40:00,Delhi,ATM,7,41940.23,No,0
TXN100639,CUST1462,4228.73,Debit,Google,2025-08-29 21:14:00,Dubai,Mobile,17,119824.19,No,0
TXN100640,CUST1220,968.63,Debit,Zomato,2025-10-18 11:07:00,Mumbai,Mobile,7,12846.17,No,0
TXN100641,CUST1069,450.96,Debit,Flipkart,2025-07-21 01:30:00,London,Web,6,84975.54,No,0
TXN100642,CUST1047,150.77,Debit,Amazon,2025-06-18 11:54:00,Pune,Mobile,9,42460.35,No,1
TXN100643,CUST1497,347.39,Debit,,2025-01-24 11:07:00,Delhi,ATM,7,21355.54,No,0
TXN100644,CUST1094,1639.86,Debit,Google,2025-11-11 14:08:00,Kolkata,ATM,7,91808.79,No,0
TXN100645,CUST1238,742.91,Debit,Myntra,2025-11-01 11:49:00,Chennai,Mobile,14,12091.81,Yes,0
TXN100646,CUST1446,2956.54,Credit,Swiggy,2025-08-05 15:15:00,Kochi,ATM,9,49054.35,No,0
TXN100647,CUST1500,5538.82,Debit,Walmart,2025-01-22 03:27:00,Delhi,Mobile,11,25869.93,No,0
TXN100648,CUST1453,129.69,Debit,Myntra,2025-03-30 22:06:00,London,Web,6,68740.61,No,0
TXN100649,CUST1204,396.32,Debit,Other,2025-12-25 16:14:00,Kolkata,Mobile,4,38222.91,No,0
TXN100650,CUST1400,1259.75,Credit,Apple,2025-05-11 21:30:00,Kochi,ATM,7,67697.93,No,0
TXN100651,CUST1218,4818.92,Debit,Myntra,2025-10-11 02:48:00,Kochi,Web,8,30826.96,No,0
TXN100652,CUST1474,474.47,Debit,Google,2025-12-17 06:49:00,Hyderabad,Web,5,21457.66,No,0
TXN100653,CUST1432,1374.0,Credit,Google,2025-06-15 13:24:00,Bengaluru,ATM,5,27982.58,Yes,0
TXN100654,CUST1341,368.57,Credit,Zomato,2025-12-25 17:55:00,Mumbai,Mobile,16,34105.91,No,0
TXN100655,CUST1039,1008.17,Debit,Flipkart,2025-04-26 05:37:00,Mumbai,Mobile,7,38725.42,No,0
TXN100656,CUST1100,1258.76,Debit,Other,2025-02-02 12:50:00,Bengaluru,ATM,7,49602.04,No,0
TXN100657,CUST1289,792.36,Credit,Local Store,2025-08-08 16:44:00,Dubai,Web,7,30103.18,Yes,0
TXN100658,CUST1254,5640.53,Debit,ATM,2025-06-18 23:06:00,Delhi,ATM,7,49500.47,No,0
TXN100659,CUST1222,3605.62,Debit,Uber,2025-03-07 03:28:00,London,ATM,8,157019.4,No,0
TXN100660,CUST1357,796.98,Debit,Google,2025-12-15 07:57:00,Kochi,Mobile,6,17275.04,No,0
TXN100661,CUST1023,844.93,Credit,Zomato,2025-06-09 00:21:00,Delhi,Mobile,9,63164.29,No,0
TXN100662,CUST1250,2433.61,Debit,Walmart,2025-12-29 15:40:00,London,Mobile,4,17843.78,No,0
TXN100663,CUST1010,1150.09,Credit,Uber,2025-02-06 20:32:00,Delhi,Web,6,14653.2,No,0
TXN100664,CUST1246,1110.58,Debit,Swiggy,2025-11-28 18:26:00,Dubai,Mobile,12,87261.86,No,0
TXN100665,CUST1325,551.68,Debit,Amazon,2025-01-17 04:04:00,Hyderabad,Web,9,15129.8,No,0
TXN100666,CUST1100,1995.81,Debit,Walmart,2025-02-27 21:29:00,Hyderabad,Mobile,4,29174.1,Yes,0
TXN100667,CUST1290,578.36,Debit,Swiggy,2025-07-07 14:23:00,Mumbai,Mobile,15,16315.01,No,0
TXN100668,CUST1180,578.18,Credit,Uber,2025-07-17 15:00:00,Delhi,Mobile,10,182338.23,No,1
TXN100669,CUST1223,1464.33,Credit,Walmart,2025-12-30 07:16:00,Delhi,Mobile,6,29108.07,No,0
TXN100670,CUST1394,1262.05,Debit,Zomato,2025-10-18 14:55:00,Mumbai,Web,10,13023.48,No,1
TXN100671,CUST1250,1134.33,Debit,Swiggy,2025-06-25 02:44:00,Hyderabad,Mobile,11,15505.38,No,0
TXN100672,CUST1147,178.61,Debit,Amazon,2025-07-20 05:45:00,Dubai,Mobile,14,145981.25,No,0
TXN100673,CUST1442,1391.33,Debit,Local Store,2025-04-15 17:07:00,Delhi,Mobile,5,25319.71,No,0
TXN100674,CUST1096,147.34,Debit,Zomato,2025-04-22 09:01:00,Mumbai,Web,7,27965.75,No,0
TXN100675,CUST1257,3048.2,Debit,Apple,2025-11-09 09:10:00,Kolkata,Web,5,90518.04,No,0
TXN100676,CUST1325,630.46,Debit,Amazon,2025-09-05 21:52:00,Pune,Mobile,6,77275.8,No,0
TXN100677,CUST1493,1285.58,Credit,Flipkart,2025-02-17 20:40:00,,Web,13,15386.72,No,0
TXN100678,CUST1004,613.41,Credit,Myntra,2025-12-18 03:39:00,Mumbai,Mobile,14,16373.11,No,0
TXN100679,CUST1016,1491.87,Debit,Other,2025-01-06 05:31:00,Chennai,Mobile,9,19639.9,No,0
TXN100680,CUST1280,328.64,Credit,Flipkart,2025-10-26 19:07:00,Mumbai,Web,6,23263.99,No,0
TXN100681,CUST1336,6981.54,Debit,ATM,2025-02-16 15:15:00,Mumbai,Mobile,10,55505.08,No,0
TXN100682,CUST1247,551.89,Debit,Google,2025-08-02 17:07:00,Dubai,Web,12,27856.38,No,0
TXN100683,CUST1258,2633.46,Debit,Local Store,2025-11-26 04:13:00,Mumbai,Mobile,13,23631.43,No,0
TXN100684,CUST1497,359.72,Debit,Apple,2025-04-03 00:23:00,London,ATM,5,29844.82,No,0
TXN100685,CUST1476,740.54,Debit,Apple,2025-09-11 18:46:00,Mumbai,Mobile,4,19457.64,No,0
TXN100686,CUST1384,518.01,Debit,Myntra,2025-01-14 15:55:00,London,Mobile,8,95501.3,No,0
TXN100687,CUST1160,603.54,Credit,Swiggy,2025-02-21 09:17:00,Chennai,ATM,11,17631.04,No,0
TXN100688,CUST1475,1674.21,Debit,Myntra,2025-04-13 20:07:00,Dubai,Mobile,9,30335.74,Yes,0
TXN100689,CUST1340,1750.07,Debit,Google,2025-12-05 01:19:00,Dubai,Mobile,9,47244.91,No,0
TXN100690,CUST1152,1648.5,Credit,Flipkart,2025-12-27 15:49:00,London,Mobile,12,49323.5,No,0
TXN100691,CUST1396,458.4,Debit,ATM,2025-04-08 20:25:00,Chennai,Web,7,22206.61,No,0
TXN100692,CUST1178,1248.42,Debit,Apple,2025-07-07 12:40:00,Bengaluru,Mobile,8,67666.29,No,0
TXN100693,CUST1163,470.39,Debit,Flipkart,2025-10-23 23:08:00,Kolkata,Mobile,8,148350.83,Yes,0
TXN100694,CUST1380,4752.11,Debit,Amazon,2025-08-05 13:57:00,Chennai,Web,4,114877.79,No,0
TXN100695,CUST1033,434.63,Debit,Local Store,2025-03-08 16:44:00,Chennai,Mobile,7,4628.77,No,0
TXN100696,CUST1417,684.02,Debit,Walmart,2025-07-05 18:11:00,,Web,7,27932.85,No,0
TXN100697,CUST1445,1162.19,Debit,Google,2025-12-06 15:06:00,Delhi,Mobile,13,18098.97,No,0
TXN100698,CUST1179,394.89,Credit,Other,2025-07-30 08:49:00,Delhi,Mobile,7,45120.57,No,0
TXN100699,CUST1427,2066.53,Debit,Walmart,2025-09-12 04:08:00,Chennai,Mobile,9,65452.89,No,0
TXN100700,CUST1101,3341.2,Debit,Google,2025-01-12 20:33:00,Bengaluru,Web,7,12557.41,No,0
TXN100701,CUST1268,453.41,Debit,Uber,2025-10-10 23:45:00,Mumbai,Mobile,10,57008.36,No,0
TXN100702,CUST1323,556.3,Debit,Local Store,2025-03-22 02:39:00,Delhi,Mobile,7,29147.75,No,0
TXN100703,CUST1065,3619.18,Debit,Amazon,2025-02-16 07:47:00,Chennai,Mobile,11,24420.99,Yes,0
TXN100704,CUST1417,1267.39,Credit,Local Store,2025-06-24 13:11:00,Mumbai,Mobile,5,44199.9,No,0
TXN100705,CUST1168,879.69,Debit,Swiggy,2025-11-23 20:30:00,Dubai,Mobile,10,26664.0,No,0
TXN100706,CUST1330,511.77,Debit,Google,2025-06-15 15:11:00,London,Mobile,10,69540.24,No,0
TXN100707,CUST1043,758.16,Debit,Other,2025-06-13 16:38:00,London,Web,6,22128.85,Yes,0
TXN100708,CUST1044,947.23,Debit,Walmart,2025-02-05 03:21:00,Dubai,Mobile,9,80825.03,No,0
TXN100709,CUST1285,2078.71,Debit,Google,2025-10-02 19:55:00,Mumbai,Mobile,10,29263.94,No,0
TXN100710,CUST1397,1093.64,Debit,Swiggy,2025-12-11 01:59:00,Kolkata,Mobile,10,4998.96,No,0
TXN100711,CUST1012,441.35,Credit,Google,2025-11-19 08:24:00,Mumbai,Mobile,5,16280.14,No,0
TXN100712,CUST1095,650.13,Debit,Local Store,2025-10-15 09:40:00,Kolkata,Mobile,13,27490.83,Yes,0
TXN100713,CUST1302,358.51,Debit,Zomato,2025-10-14 02:01:00,Hyderabad,ATM,6,39229.71,No,0
TXN100714,CUST1386,960.59,Debit,Google,2025-06-24 22:44:00,Delhi,Web,6,27611.88,No,0
TXN100715,CUST1253,10448.22,Debit,Uber,2025-12-30 11:14:00,Delhi,Web,6,17625.42,No,0
TXN100716,CUST1499,13056.52,Debit,Uber,2025-06-23 05:10:00,Chennai,Web,8,113063.79,No,0
TXN100717,CUST1242,1521.23,Credit,Apple,2025-10-25 00:57:00,Kochi,Mobile,7,85229.75,No,0
TXN100718,CUST1035,210.02,Debit,Uber,2025-03-27 06:28:00,Chennai,Mobile,10,12023.6,No,0
TXN100719,CUST1215,2768.55,Debit,Other,2025-07-14 18:26:00,Hyderabad,Web,8,15808.09,No,0
TXN100720,CUST1337,2137.22,Debit,Google,2025-11-10 03:30:00,Chennai,Mobile,8,37773.03,No,0
TXN100721,CUST1090,16107.56,Debit,ATM,2025-09-01 02:00:00,Hyderabad,Mobile,5,26522.96,No,0
TXN100722,CUST1264,1181.55,Debit,Google,2025-02-13 06:12:00,Chennai,Web,8,3817.27,No,0
TXN100723,CUST1093,716.84,Debit,Zomato,2025-07-31 19:55:00,Dubai,Web,9,17340.15,No,0
TXN100724,CUST1410,404.04,Debit,Uber,2025-09-02 22:00:00,Mumbai,Mobile,4,51523.34,No,0
TXN100725,CUST1458,2495.96,Debit,Flipkart,2025-07-06 10:08:00,Mumbai,Mobile,11,32341.52,No,0
TXN100726,CUST1090,908.81,Debit,Google,2025-04-22 08:52:00,Hyderabad,Web,10,14789.29,Yes,0
TXN100727,CUST1418,848.84,Debit,Other,2025-03-05 04:46:00,Kolkata,Web,12,19548.66,No,0
TXN100728,CUST1115,662.94,Debit,Amazon,2025-03-31 19:50:00,Pune,Web,4,25148.67,No,0
TXN100729,CUST1105,9897.89,Debit,Amazon,2025-05-24 09:27:00,Kolkata,ATM,12,202915.51,No,0
TXN100730,CUST1391,726.13,Debit,Walmart,2025-03-09 22:52:00,Pune,Mobile,11,30551.3,No,0
TXN100731,CUST1196,2209.34,Debit,Other,2025-12-08 17:32:00,Dubai,Mobile,11,17285.75,No,0
TXN100732,CUST1314,1741.04,Debit,Zomato,2025-04-07 05:53:00,Kochi,Mobile,9,114957.89,No,0
TXN100733,CUST1114,118.74,Debit,Swiggy,2025-07-14 20:58:00,Kolkata,Mobile,10,45924.8,No,0
TXN100734,CUST1493,10029.1,Debit,Flipkart,2025-05-04 11:52:00,Bengaluru,ATM,6,16252.4,No,0
TXN100735,CUST1075,171.95,Debit,Google,2025-08-02 00:53:00,Kolkata,ATM,6,30166.91,No,0
TXN100736,CUST1413,445.38,Debit,Local Store,2025-02-01 09:52:00,Delhi,Mobile,13,25753.14,Yes,0
TXN100737,CUST1376,659.86,Credit,Myntra,2025-08-31 03:28:00,Pune,Mobile,11,44867.17,No,0
TXN100738,CUST1420,531.0,Debit,Myntra,2025-11-16 17:05:00,Kochi,Mobile,9,11578.79,No,0
TXN100739,CUST1217,872.16,Debit,Swiggy,2025-08-06 05:33:00,Pune,Web,6,12164.86,No,0
TXN100740,CUST1277,506.73,Debit,Apple,2025-05-26 04:53:00,Kochi,Mobile,7,24517.04,No,0
TXN100741,CUST1249,4258.35,Debit,Local Store,2025-08-19 02:08:00,Chennai,Mobile,7,15365.08,No,0
TXN100742,CUST1164,1980.08,Debit,Myntra,2025-01-10 03:00:00,Chennai,Mobile,9,63761.72,No,0
TXN100743,CUST1394,589.5,Debit,Swiggy,2025-09-27 20:52:00,Bengaluru,Mobile,5,13748.25,No,0
TXN100744,CUST1357,475.02,Credit,Other,2025-12-30 10:55:00,Dubai,ATM,8,180880.54,No,0
TXN100745,CUST1457,623.33,Debit,Myntra,2025-03-19 13:12:00,Kochi,Mobile,11,26533.3,Yes,0
TXN100746,CUST1408,443.54,Debit,Zomato,2025-08-18 17:37:00,Kolkata,Mobile,7,32815.0,No,0
TXN100747,CUST1192,330.65,Debit,Other,2025-10-10 01:00:00,Pune,Mobile,8,38687.42,No,0
TXN100748,CUST1227,2794.52,Debit,Walmart,2025-02-18 02:46:00,Pune,Mobile,4,28150.53,No,0
TXN100749,CUST1177,742.37,Debit,Apple,2025-03-06 18:29:00,London,Web,10,72025.19,No,0
TXN100750,CUST1099,1627.99,Credit,Zomato,2025-06-29 14:35:00,Kochi,Mobile,8,33162.79,No,0
TXN100751,CUST1496,1170.32,Debit,Local Store,2025-02-21 10:31:00,Kolkata,Mobile,8,20109.35,No,0
TXN100752,CUST1036,4673.12,Credit,Swiggy,2025-11-09 21:02:00,Kolkata,Web,10,10681.19,No,0
TXN100753,CUST1466,2684.71,Credit,Flipkart,2025-06-03 12:55:00,Bengaluru,Mobile,9,39874.34,No,0
TXN100754,CUST1497,1574.56,Debit,Local Store,2025-12-23 11:17:00,Kolkata,Web,6,59029.57,No,0
TXN100755,CUST1487,N/A,Debit,Local Store,2025-01-22 06:51:00,Mumbai,Mobile,13,11492.79,Yes,0
TXN100756,CUST1096,541.78,Debit,Uber,2025-02-18 18:02:00,Chennai,Mobile,13,22340.4,No,0
TXN100757,CUST1152,908.94,Debit,Flipkart,2025-02-03 20:57:00,Kochi,Web,11,61344.52,No,0
TXN100758,CUST1151,2107.21,Debit,Amazon,2025-04-13 19:46:00,Delhi,Web,8,15701.08,No,0
TXN100759,CUST1190,2551.23,Debit,Uber,2025-05-13 10:26:00,London,Mobile,6,15594.23,No,0
TXN100760,CUST1224,455.45,Credit,Swiggy,2025-08-15 09:42:00,Hyderabad,Mobile,5,26537.53,No,0
TXN100761,CUST1037,1060.06,Debit,Amazon,2025-07-15 00:52:00,Mumbai,Mobile,5,79737.47,No,0
TXN100762,CUST1268,1121.26,Debit,Myntra,2025-10-22 13:09:00,Mumbai,Mobile,7,59215.57,No,0
TXN100763,CUST1369,11277.67,Debit,Other,2025-05-22 01:27:00,Chennai,Mobile,8,79782.04,No,0
TXN100764,CUST1183,2126.72,Debit,Myntra,2025-04-09 15:35:00,Mumbai,Web,7,14111.89,No,0
TXN100765,CUST1013,3231.63,Debit,Local Store,2025-12-31 15:09:00,Hyderabad,Mobile,9,18130.11,No,0
TXN100766,CUST1279,743.6,Debit,Uber,2025-03-21 13:46:00,Bengaluru,Mobile,7,26008.69,No,0
TXN100767,CUST1217,517.77,Debit,Google,2025-11-09 10:36:00,Hyderabad,Web,7,23626.43,No,0
TXN100768,CUST1355,717.84,Credit,Flipkart,2025-07-21 05:28:00,Bengaluru,Mobile,10,16604.09,No,0
TXN100769,CUST1361,1896.66,Credit,Other,2025-04-29 18:33:00,Pune,Web,5,42642.96,No,0
TXN100770,CUST1286,4794.42,Credit,Amazon,2025-12-23 04:00:00,Chennai,Mobile,8,8757.28,No,0
TXN100771,CUST1273,264.42,Debit,Flipkart,2025-07-22 06:22:00,Delhi,Mobile,9,33263.15,No,0
TXN100772,CUST1369,7949.79,Credit,Uber,2025-03-11 17:37:00,Pune,ATM,11,103403.85,No,0
TXN100773,CUST1062,2660.71,Debit,Local Store,2025-02-26 19:36:00,Mumbai,Mobile,9,31535.72,No,0
TXN100774,CUST1084,2984.07,Debit,Zomato,2025-07-11 11:09:00,Dubai,Mobile,8,15928.05,No,0
TXN100775,CUST1368,2791.05,Debit,Myntra,2025-05-01 20:23:00,Pune,Web,8,11380.76,No,0
TXN100776,CUST1217,730.57,Debit,Amazon,2025-11-05 07:05:00,Pune,ATM,5,38972.29,No,0
TXN100777,CUST1342,965.07,Debit,Amazon,2025-01-30 03:31:00,Bengaluru,ATM,6,109347.21,No,0
TXN100778,CUST1397,2165.61,Debit,Swiggy,2025-01-13 22:58:00,Pune,Mobile,10,34894.21,No,0
TXN100779,CUST1187,854.16,Debit,Amazon,2025-01-15 18:13:00,Kochi,Mobile,14,23123.37,No,0
TXN100780,CUST1019,1385.89,Credit,Other,2025-11-14 15:02:00,Hyderabad,ATM,7,16776.9,No,0
TXN100781,CUST1177,564.7,Debit,Uber,2025-05-05 17:55:00,Bengaluru,Mobile,8,9818.03,No,0
TXN100782,CUST1100,2375.17,Debit,ATM,2025-04-20 08:22:00,Mumbai,Mobile,9,36474.44,Yes,0
TXN100783,CUST1396,952.55,Debit,Amazon,2025-09-01 14:48:00,Pune,Web,5,8945.17,Yes,0
TXN100784,CUST1445,731.59,Debit,Amazon,2025-05-26 21:37:00,Mumbai,Mobile,16,59064.04,No,0
TXN100785,CUST1233,480.29,Credit,Flipkart,2025-12-28 10:58:00,Pune,Mobile,12,47587.05,No,0
TXN100786,CUST1403,563.94,Debit,ATM,2025-06-06 23:38:00,Chennai,Web,7,25284.93,No,0
TXN100787,CUST1076,292.85,Debit,Other,2025-05-06 03:51:00,Kochi,Mobile,13,48331.86,No,0
TXN100788,CUST1265,1674.27,Debit,Local Store,2025-03-27 06:15:00,Bengaluru,Mobile,6,33844.57,No,0
TXN100789,CUST1455,602.98,Credit,Walmart,2025-08-11 04:52:00,Bengaluru,Mobile,9,48009.01,No,0
TXN100790,CUST1284,1051.11,Debit,ATM,2025-07-01 17:56:00,Delhi,Web,6,58161.8,No,0
TXN100791,CUST1206,3696.53,Credit,Amazon,2025-10-06 02:15:00,Chennai,Mobile,3,24556.29,No,0
TXN100792,CUST1223,972.76,Debit,Google,2025-07-06 16:54:00,Chennai,Mobile,11,11245.62,No,0
TXN100793,CUST1384,936.64,Debit,Local Store,2025-10-15 22:00:00,Bengaluru,Web,5,161701.04,Yes,0
TXN100794,CUST1052,1042.41,Debit,Apple,2025-04-30 09:18:00,Delhi,ATM,6,25337.65,No,0
TXN100795,CUST1339,1469.47,Credit,Swiggy,2025-06-02 02:55:00,Dubai,Mobile,8,21568.76,No,0
TXN100796,CUST1367,686.97,Debit,ATM,2025-07-28 10:15:00,Kochi,Web,12,41480.99,No,0
TXN100797,CUST1144,2571.01,Debit,Flipkart,2025-10-05 21:47:00,Mumbai,Web,5,25720.28,No,0
TXN100798,CUST1373,1248.97,Debit,Swiggy,2025-10-21 07:15:00,Chennai,Web,6,11573.93,No,0
TXN100799,CUST1069,637.22,Debit,Zomato,2025-05-25 12:59:00,Delhi,Mobile,9,12162.62,No,0
TXN100800,CUST1099,778.19,Debit,Amazon,2025-02-25 17:37:00,Pune,ATM,12,15248.51,No,0
TXN100801,CUST1396,3439.16,Credit,ATM,2025-11-28 21:58:00,Hyderabad,Mobile,6,38871.1,No,0
TXN100802,CUST1025,568.26,Debit,Myntra,2025-01-05 12:50:00,Chennai,Mobile,8,17648.28,Yes,0
TXN100803,CUST1436,1669.02,Debit,Google,2025-07-09 18:20:00,Bengaluru,Mobile,6,59972.11,No,0
TXN100804,CUST1379,1768.63,Credit,Flipkart,2025-05-27 05:05:00,Pune,Web,7,26470.05,No,0
TXN100805,CUST1469,374.26,Debit,Swiggy,2025-09-16 01:36:00,Hyderabad,Mobile,4,28029.02,No,0
TXN100806,CUST1484,258.1,Debit,Amazon,2025-11-29 04:16:00,Kochi,Mobile,13,31100.66,No,0
TXN100807,CUST1053,794.0,Debit,Myntra,2025-07-13 21:35:00,Hyderabad,Web,6,13635.73,No,0
TXN100808,CUST1151,2454.07,Debit,Myntra,2025-01-14 22:34:00,Bengaluru,ATM,10,77374.41,No,0
TXN100809,CUST1144,251.96,Debit,Zomato,2025-01-28 17:01:00,Mumbai,Web,11,37522.28,No,0
TXN100810,CUST1057,458.3,Debit,Local Store,2025-07-09 19:49:00,Mumbai,Mobile,11,26112.77,No,0
TXN100811,CUST1039,2148.45,Debit,Google,2025-10-02 20:47:00,Chennai,Mobile,9,19992.4,No,0
TXN100812,CUST1109,376.68,Debit,Walmart,2025-08-27 01:49:00,Chennai,Web,8,19704.61,No,0
TXN100813,CUST1181,3050.07,Credit,Google,2025-09-16 17:58:00,Bengaluru,Mobile,6,12482.35,No,0
TXN100814,CUST1042,15536.24,Credit,Zomato,2025-09-13 07:11:00,Chennai,Web,8,10952.11,No,0
TXN100815,CUST1186,485.2,Credit,Uber,2025-04-19 11:42:00,Hyderabad,Mobile,6,10954.13,Yes,0
TXN100816,CUST1423,4781.83,Credit,Other,2025-01-23 02:52:00,London,ATM,6,65987.46,No,0
TXN100817,CUST1398,1522.21,Debit,Local Store,2025-12-23 06:12:00,Delhi,Mobile,5,16732.17,No,0
TXN100818,CUST1223,496.75,Credit,Flipkart,2025-09-20 03:41:00,Kolkata,Mobile,7,13263.6,No,0
TXN100819,CUST1122,5391.75,Debit,ATM,2025-02-09 05:21:00,Hyderabad,ATM,6,78117.02,No,0
TXN100820,CUST1133,1647.1,Debit,Local Store,2025-01-24 09:31:00,Hyderabad,Mobile,5,31117.4,No,0
TXN100821,CUST1163,3605.16,Debit,Zomato,2025-10-01 20:21:00,Chennai,Mobile,6,12328.53,No,0
TXN100822,CUST1215,11449.21,Debit,Zomato,2025-05-18 14:17:00,Delhi,Web,8,45618.09,No,0
TXN100823,CUST1221,984.83,Credit,Flipkart,2025-10-06 15:00:00,Mumbai,Mobile,9,88422.89,No,0
TXN100824,CUST1235,1905.76,Credit,Flipkart,2025-02-08 11:46:00,Chennai,Mobile,9,49439.77,No,0
TXN100825,CUST1331,359.47,Debit,Flipkart,2025-06-16 15:28:00,Pune,Mobile,9,32979.54,No,0
TXN100826,CUST1146,688.71,Credit,Local Store,2025-07-20 16:03:00,Mumbai,Mobile,9,42231.26,No,0
TXN100827,CUST1239,1010.84,Debit,Other,2025-12-11 00:24:00,Hyderabad,Mobile,5,72846.61,Yes,1
TXN100828,CUST1076,1355.06,Debit,Amazon,2025-12-28 21:21:00,Chennai,Web,7,108660.8,Yes,0
TXN100829,CUST1009,130.48,Debit,Swiggy,2025-04-18 20:09:00,Delhi,Web,10,14569.96,No,0
TXN100830,CUST1074,5159.86,Debit,Apple,2025-07-01 14:21:00,Pune,Mobile,8,30235.79,No,0
TXN100831,CUST1442,2067.51,Credit,Flipkart,2025-12-27 12:45:00,Hyderabad,Mobile,7,46790.4,No,0
TXN100832,CUST1492,1838.47,Credit,Swiggy,2025-06-02 15:00:00,Bengaluru,ATM,9,33826.11,No,0
TXN100833,CUST1401,8507.25,Credit,Other,2025-07-24 22:58:00,Delhi,ATM,9,44235.02,No,0
TXN100834,CUST1253,5547.44,Debit,Apple,2025-03-09 21:16:00,Chennai,Mobile,7,155820.87,No,0
TXN100835,CUST1230,942.6,Credit,Local Store,2025-11-04 09:12:00,Kolkata,Web,6,24431.63,No,0
TXN100836,CUST1007,620.38,Debit,Swiggy,2025-03-08 10:25:00,Delhi,Web,7,10305.56,No,0
TXN100837,CUST1174,2044.61,Credit,Flipkart,2025-04-23 12:02:00,Chennai,Mobile,10,119079.42,No,0
TXN100838,CUST1141,5174.83,Debit,Walmart,2025-07-01 17:31:00,Chennai,Mobile,6,111954.22,No,0
TXN100839,CUST1168,945.17,Debit,Zomato,2025-03-26 21:12:00,Kolkata,Mobile,9,44687.34,No,0
TXN100840,CUST1170,2668.66,Debit,ATM,2025-11-06 06:38:00,Hyderabad,Web,9,20509.33,No,0
TXN100841,CUST1393,6041.15,Debit,ATM,2025-06-18 18:51:00,Chennai,Web,3,56564.74,No,0
TXN100842,CUST1434,2946.08,Debit,Swiggy,2025-04-20 09:47:00,Pune,Web,7,30469.65,No,0
TXN100843,CUST1283,222.53,Debit,ATM,2025-10-14 04:24:00,Hyderabad,Mobile,10,23575.44,No,0
TXN100844,CUST1122,332.03,Debit,Myntra,2025-08-03 04:49:00,Mumbai,Web,5,17902.54,No,0
TXN100845,CUST1194,7966.75,Debit,Myntra,2025-01-09 20:43:00,Bengaluru,Web,9,29372.26,No,0
TXN100846,CUST1005,1223.91,Debit,Swiggy,2025-05-13 02:37:00,Kolkata,ATM,7,44809.45,No,0
TXN100847,CUST1029,1525.51,Debit,Flipkart,2025-10-26 03:32:00,Hyderabad,Mobile,4,33628.61,No,0
TXN100848,CUST1165,1935.43,Debit,Google,2025-05-31 13:43:00,London,Web,7,57712.94,No,0
TXN100849,CUST1422,4591.49,Debit,Flipkart,2025-03-05 10:33:00,Pune,Mobile,7,25224.55,No,0
TXN100850,CUST1339,501.27,Debit,Local Store,2025-06-03 17:33:00,Chennai,Web,9,21721.32,Yes,0
TXN100851,CUST1136,725.78,Credit,Flipkart,2025-09-06 11:12:00,Mumbai,Web,4,39758.53,No,0
TXN100852,CUST1496,401.27,Credit,Local Store,2025-09-15 19:13:00,Mumbai,Mobile,7,31720.74,No,0
TXN100853,CUST1365,139.21,Debit,Google,2025-05-03 08:08:00,Delhi,Web,10,90493.9,No,0
TXN100854,CUST1321,1652.49,Credit,Walmart,2025-10-21 05:05:00,Kochi,Mobile,6,22926.88,No,0
TXN100855,CUST1342,461.35,Credit,Local Store,2025-05-21 07:21:00,Delhi,Web,5,20399.9,Yes,0
TXN100856,CUST1500,2871.39,Credit,Uber,2025-01-24 12:26:00,Chennai,Mobile,7,26196.92,No,0
TXN100857,CUST1145,597.84,Debit,Myntra,2025-03-15 04:40:00,Kolkata,Web,7,21810.04,No,0
TXN100858,CUST1327,285.24,Debit,Zomato,2025-08-24 11:59:00,Chennai,ATM,11,18533.68,No,0
TXN100859,CUST1217,3147.1,Debit,Myntra,2025-10-30 03:11:00,Pune,Mobile,10,8741.96,No,0
TXN100860,CUST1301,1849.91,Debit,Local Store,2025-08-27 16:21:00,Kolkata,Mobile,5,12516.59,No,0
TXN100861,CUST1132,929.32,Debit,Uber,2025-04-06 11:28:00,Hyderabad,Mobile,3,27169.24,Yes,0
TXN100862,CUST1292,982.96,Debit,Amazon,2025-05-10 20:27:00,Hyderabad,Mobile,1,11151.43,Yes,0
TXN100863,CUST1070,1999.74,Credit,Walmart,2025-10-13 14:34:00,Kochi,Web,5,45410.25,No,0
TXN100864,CUST1252,6012.69,Credit,Walmart,2025-10-29 08:14:00,Pune,Web,6,39241.33,No,0
TXN100865,CUST1415,1638.79,Debit,Amazon,2025-07-24 16:26:00,Hyderabad,ATM,6,17990.28,Yes,0
TXN100866,CUST1275,1754.29,Debit,Zomato,2025-11-21 21:54:00,Hyderabad,ATM,13,28577.09,No,0
TXN100867,CUST1445,694.35,Debit,ATM,2025-11-24 07:28:00,Delhi,Mobile,6,25752.3,No,0
TXN100868,CUST1364,865.88,Credit,Google,2025-05-12 08:19:00,Chennai,Web,11,7680.1,No,0
TXN100869,CUST1182,50.0,Debit,Apple,2025-04-21 03:08:00,Chennai,Web,7,41510.69,Yes,1
TXN100870,CUST1167,427.0,Debit,ATM,2025-05-23 20:55:00,Chennai,Mobile,11,18993.97,No,0
TXN100871,CUST1091,378.01,Debit,Uber,2025-07-02 03:39:00,Bengaluru,Mobile,11,14313.17,No,0
TXN100872,CUST1202,367.99,Debit,Local Store,2025-03-28 01:50:00,Delhi,Mobile,6,49447.04,No,0
TXN100873,CUST1346,748.52,Debit,Apple,2025-08-17 21:58:00,London,Web,5,35682.05,No,0
TXN100874,CUST1019,832.34,Debit,Zomato,2025-03-14 16:08:00,Kolkata,Web,11,58890.49,No,0
TXN100875,CUST1039,378.0,Credit,Google,2025-01-27 18:27:00,Chennai,Web,4,27216.66,No,0
TXN100876,CUST1126,3860.47,Credit,Walmart,2025-05-10 10:08:00,Delhi,Mobile,10,34943.06,No,0
TXN100877,CUST1451,1996.18,Credit,Local Store,2025-06-27 21:50:00,Mumbai,ATM,8,54142.1,No,0
TXN100878,CUST1173,1347.91,Credit,Local Store,2025-05-24 08:02:00,Chennai,Mobile,9,104532.48,No,0
TXN100879,CUST1141,2091.3,Debit,Google,2025-06-25 06:59:00,Dubai,Web,4,23538.53,No,0
TXN100880,CUST1242,196.52,Debit,Myntra,2025-03-20 07:42:00,Mumbai,Mobile,8,35813.17,No,0
TXN100881,CUST1220,191.04,Debit,Uber,2025-11-04 20:36:00,London,Mobile,6,45714.75,No,0
TXN100882,CUST1126,3707.85,Credit,Google,2025-09-16 08:13:00,Mumbai,Web,8,45441.98,No,0
TXN100883,CUST1058,11870.6,Debit,Flipkart,2025-08-04 22:05:00,Delhi,ATM,15,20234.06,No,0
TXN100884,CUST1148,1158.06,Debit,Flipkart,2025-05-10 09:39:00,Chennai,Mobile,7,27336.55,No,0
TXN100885,CUST1476,10409.22,Debit,Google,2025-11-27 06:35:00,Mumbai,Mobile,10,45379.88,No,0
TXN100886,CUST1456,1097.92,Debit,Other,2025-10-17 16:48:00,Bengaluru,Mobile,10,33928.94,No,0
TXN100887,CUST1317,539.89,Debit,Walmart,2025-03-10 12:56:00,Kochi,Mobile,12,124988.73,No,0
TXN100888,CUST1383,2922.7,Debit,Google,2025-12-16 18:10:00,Pune,Mobile,9,23573.29,No,0
TXN100889,CUST1361,127.65,Debit,Swiggy,2025-02-05 08:59:00,Kochi,Web,9,16320.9,No,0
TXN100890,CUST1423,609.49,Debit,Zomato,2025-04-09 06:41:00,Pune,ATM,5,42760.97,No,0
TXN100891,CUST1001,479.34,Credit,Flipkart,2025-08-21 16:58:00,Kochi,Mobile,7,14709.03,No,0
TXN100892,CUST1387,330.37,Debit,Apple,2025-11-27 21:53:00,Bengaluru,Mobile,16,21081.71,Yes,0
TXN100893,CUST1461,666.18,Debit,ATM,2025-04-12 14:15:00,Mumbai,Mobile,6,31587.39,No,0
TXN100894,CUST1348,1466.24,Debit,Google,2025-11-20 05:33:00,Kolkata,Mobile,11,29006.6,Yes,0
TXN100895,CUST1190,4070.28,Credit,Flipkart,2025-07-03 21:23:00,Kolkata,Mobile,15,28415.59,No,0
TXN100896,CUST1191,3107.38,Debit,Zomato,2025-03-02 01:56:00,Pune,Mobile,13,19484.7,No,0
TXN100897,CUST1369,222.81,Credit,Zomato,2025-02-21 18:47:00,Bengaluru,Mobile,9,39234.35,No,0
TXN100898,CUST1409,10827.94,Debit,Apple,2025-03-29 20:18:00,Chennai,Mobile,7,151666.91,No,0
TXN100899,CUST1312,3813.69,Credit,Local Store,2025-11-19 20:14:00,Dubai,Mobile,9,55385.99,No,0
TXN100900,CUST1417,1141.95,Credit,Other,2025-07-17 07:54:00,Delhi,Mobile,10,7459.13,No,0
TXN100901,CUST1422,4210.95,Debit,Swiggy,2025-04-07 21:44:00,Chennai,Mobile,6,21906.0,No,0
TXN100902,CUST1117,436.46,Debit,Google,2025-06-20 23:03:00,Kochi,ATM,10,44310.78,No,0
TXN100903,CUST1134,2551.92,Debit,Amazon,2025-08-13 21:33:00,Dubai,Web,8,9683.02,No,0
TXN100904,CUST1058,158.45,Debit,Google,2025-11-18 12:41:00,Bengaluru,ATM,4,4835.94,No,0
TXN100905,CUST1044,806.56,Debit,Local Store,2025-01-24 23:18:00,Kochi,Mobile,5,17263.9,No,0
TXN100906,CUST1173,4290.74,Debit,Uber,2025-02-07 10:29:00,Dubai,Mobile,10,16211.76,No,0
TXN100907,CUST1160,693.53,Debit,Myntra,2025-12-25 02:53:00,Dubai,Mobile,6,101728.15,No,0
TXN100908,CUST1173,724.64,Debit,Walmart,2025-11-29 00:02:00,Dubai,Mobile,12,38816.84,No,0
TXN100909,CUST1317,599.4,Debit,Local Store,2025-06-15 23:37:00,Delhi,Web,8,26676.63,No,0
TXN100910,CUST1303,900.34,Debit,ATM,2025-10-16 04:34:00,Hyderabad,Mobile,11,23460.05,No,0
TXN100911,CUST1149,398.7,Debit,Zomato,2025-11-11 12:11:00,Chennai,Mobile,10,41689.04,No,0
TXN100912,CUST1080,,Debit,Other,2025-11-22 19:24:00,Chennai,Web,12,34494.09,No,0
TXN100913,CUST1374,330.59,Debit,Amazon,2025-01-20 16:45:00,Mumbai,Mobile,6,41630.15,Yes,0
TXN100914,CUST1213,1516.12,Debit,Walmart,2025-11-20 14:22:00,Mumbai,ATM,8,37887.34,Yes,0
TXN100915,CUST1203,2554.43,Credit,Flipkart,2025-11-03 12:56:00,Bengaluru,Mobile,11,64819.73,No,0
TXN100916,CUST1252,525.41,Debit,ATM,2025-07-09 16:26:00,Mumbai,Web,3,30473.49,No,0
TXN100917,CUST1229,255.65,Debit,Google,2025-07-11 17:31:00,Bengaluru,Mobile,6,53317.25,No,0
TXN100918,CUST1164,615.23,Debit,Walmart,2025-05-27 00:54:00,Kochi,ATM,12,38856.41,No,0
TXN100919,CUST1227,738.19,Credit,Flipkart,2025-03-22 16:59:00,Hyderabad,Mobile,10,34608.1,No,0
TXN100920,CUST1147,2748.65,Credit,Myntra,2025-08-25 15:14:00,Delhi,Web,10,22032.49,No,0
TXN100921,CUST1020,945.91,Credit,Flipkart,2025-04-05 03:25:00,Delhi,Mobile,4,28307.52,Yes,0
TXN100922,CUST1441,1099.38,Debit,Amazon,2025-08-05 19:49:00,Chennai,Web,7,28682.74,No,0
TXN100923,CUST1402,269.01,Debit,Zomato,2025-10-23 01:11:00,London,Mobile,12,66773.64,No,0
TXN100924,CUST1047,903.42,Debit,Local Store,2025-04-06 18:08:00,Delhi,Mobile,11,35480.21,No,0
TXN100925,CUST1233,4612.28,Debit,Apple,2025-02-23 14:15:00,Hyderabad,ATM,7,15096.53,No,0
TXN100926,CUST1305,3282.09,Credit,Local Store,2025-08-03 11:57:00,Chennai,ATM,5,9320.92,Yes,0
TXN100927,CUST1014,663.14,Debit,Local Store,2025-03-07 23:48:00,Hyderabad,Mobile,8,12665.2,No,0
TXN100928,CUST1143,2515.33,Credit,Flipkart,2025-12-20 22:26:00,Chennai,Web,8,17735.35,No,0
TXN100929,CUST1415,953.27,Debit,Google,2025-04-09 19:52:00,Hyderabad,Mobile,7,42010.62,No,0
TXN100930,CUST1001,1815.65,Credit,Walmart,2025-12-08 06:50:00,Delhi,Web,7,18688.87,No,0
TXN100931,CUST1373,816.85,Debit,Apple,2025-03-06 05:33:00,Dubai,Web,8,74598.27,No,0
TXN100932,CUST1054,417.12,Debit,Other,2025-03-28 21:49:00,Kolkata,Mobile,9,11849.62,No,0
TXN100933,CUST1374,396.38,Debit,Apple,2025-05-21 13:55:00,Chennai,ATM,4,48883.53,No,0
TXN100934,CUST1259,1857.4,Debit,Walmart,2025-04-24 18:34:00,Chennai,Web,5,7352.65,Yes,0
TXN100935,CUST1144,77.75,Debit,Walmart,2025-07-07 18:43:00,Mumbai,Mobile,9,12861.99,No,0
TXN100936,CUST1471,3179.3,Credit,Other,2025-05-06 20:11:00,Bengaluru,Web,8,14115.3,No,0
TXN100937,CUST1441,862.34,Debit,Zomato,2025-07-12 08:33:00,Chennai,Mobile,6,13984.44,No,0
TXN100938,CUST1459,576.82,Debit,Amazon,2025-08-27 19:52:00,Kochi,Web,4,18432.55,Yes,0
TXN100939,CUST1012,2977.17,Debit,Myntra,2025-09-13 17:32:00,Chennai,Web,3,53637.84,Yes,0
TXN100940,CUST1330,68.94,Debit,Amazon,2025-08-09 03:33:00,Kochi,Mobile,8,50930.14,No,0
TXN100941,CUST1224,1740.85,Credit,Walmart,2025-02-13 19:35:00,Chennai,Web,6,13972.5,No,0
TXN100942,CUST1272,5657.24,Credit,Google,2025-03-23 20:46:00,London,Web,7,25664.08,No,0
TXN100943,CUST1456,278.16,Credit,Swiggy,2025-11-30 06:46:00,Delhi,Web,6,41805.76,No,0
TXN100944,CUST1358,696.1,Credit,Other,2025-07-18 09:51:00,Pune,Mobile,14,25880.52,No,0
TXN100945,CUST1460,1724.19,Credit,Swiggy,2025-01-25 12:12:00,Chennai,Mobile,11,97037.5,No,0
TXN100946,CUST1408,227.99,Debit,ATM,2025-02-21 22:53:00,Kochi,Web,7,39596.68,Yes,0
TXN100947,CUST1156,1402.58,Debit,Myntra,2025-01-07 20:45:00,Kochi,Mobile,8,15561.81,No,0
TXN100948,CUST1373,16113.41,Debit,Walmart,2025-05-09 17:38:00,Kolkata,Mobile,6,16767.1,No,0
TXN100949,CUST1008,1521.07,Debit,Swiggy,2025-08-16 05:51:00,Delhi,Web,12,14399.56,No,0
TXN100950,CUST1122,1471.54,Debit,ATM,2025-10-21 07:41:00,Pune,Mobile,6,17598.14,No,0
TXN100951,CUST1348,329.03,Credit,Myntra,2025-11-16 14:44:00,Chennai,Web,9,30216.78,No,0
TXN100952,CUST1164,4145.3,Debit,Apple,2025-11-25 00:47:00,Delhi,Web,4,24918.62,No,0
TXN100953,CUST1090,71.84,Debit,Myntra,2025-08-11 18:27:00,Kochi,Web,8,20906.57,Yes,0
TXN100954,CUST1136,1057.19,Credit,ATM,2025-02-01 04:20:00,Hyderabad,Mobile,10,45998.2,No,0
TXN100955,CUST1186,2740.21,Credit,Other,2025-10-30 21:22:00,Chennai,Mobile,8,38453.19,Yes,0
TXN100956,CUST1316,90.03,Debit,Apple,2025-10-06 12:27:00,Mumbai,Mobile,5,9093.57,No,0
TXN100957,CUST1178,146.31,Debit,Zomato,2025-02-20 11:32:00,Pune,Web,7,11435.59,No,0
TXN100958,CUST1028,250.27,Credit,Other,2025-11-16 23:56:00,Chennai,Mobile,9,14210.23,No,0
TXN100959,CUST1220,4328.15,Debit,ATM,2025-10-06 04:24:00,Bengaluru,ATM,1,16222.12,No,0
TXN100960,CUST1357,580.27,Debit,Swiggy,2025-02-02 05:23:00,Chennai,Web,12,18410.27,No,0
TXN100961,CUST1041,2687.97,Debit,Myntra,2025-08-05 16:23:00,Kochi,ATM,8,21971.38,No,0
TXN100962,CUST1228,2287.51,Debit,Myntra,2025-02-11 13:51:00,Chennai,Mobile,8,38844.62,No,0
TXN100963,CUST1192,208.39,Credit,Other,2025-12-02 03:24:00,Kolkata,Mobile,7,12797.83,No,0
TXN100964,CUST1411,742.91,Debit,Myntra,2025-12-08 13:42:00,Hyderabad,ATM,6,16757.27,No,0
TXN100965,CUST1447,873.03,Credit,ATM,2025-01-23 08:14:00,Pune,Mobile,7,9064.64,No,0
TXN100966,CUST1145,1828.13,Credit,Google,2025-06-05 06:03:00,London,Mobile,10,14899.18,No,0
TXN100967,CUST1201,1377.07,Credit,Myntra,2025-04-06 14:13:00,Chennai,Mobile,9,25441.61,No,0
TXN100968,CUST1417,1026.93,Debit,Other,2025-03-18 11:55:00,Hyderabad,ATM,5,15171.69,No,0
TXN100969,CUST1212,3514.85,Debit,Google,2025-08-20 22:37:00,Kochi,Web,7,13713.93,No,0
TXN100970,CUST1461,3464.64,Debit,Local Store,2025-08-05 13:02:00,Bengaluru,Mobile,8,20244.71,No,0
TXN100971,CUST1220,257.7,Debit,Zomato,2025-12-15 08:08:00,Bengaluru,Web,10,35490.04,Yes,0
TXN100972,CUST1240,700.28,Credit,Local Store,2025-03-30 17:55:00,Kochi,Mobile,12,14935.28,No,0
TXN100973,CUST1413,1132.0,Debit,Uber,2025-03-03 13:48:00,London,Web,5,63983.66,No,0
TXN100974,CUST1397,1193.44,Debit,Other,2025-11-25 21:40:00,Delhi,Mobile,9,15760.3,No,0
TXN100975,CUST1046,1902.12,Debit,Local Store,2025-10-31 04:11:00,Bengaluru,Web,5,21756.08,No,0
TXN100976,CUST1035,1592.6,Credit,Walmart,2025-06-09 19:47:00,Mumbai,Mobile,8,70856.07,No,0
TXN100977,CUST1253,1989.31,Credit,Apple,2025-12-19 15:40:00,Bengaluru,Mobile,9,45742.82,Yes,0
TXN100978,CUST1390,2237.54,Debit,Walmart,2025-07-08 03:14:00,Pune,Mobile,7,26789.72,Yes,0
TXN100979,CUST1082,826.38,Credit,Amazon,2025-10-01 04:49:00,Pune,Mobile,9,39284.32,No,0
TXN100980,CUST1371,782.73,Debit,Local Store,2025-09-09 16:55:00,Dubai,Web,7,11494.33,Yes,0
TXN100981,CUST1256,4424.5,Debit,Other,2025-07-14 05:53:00,Chennai,Mobile,3,115245.51,No,0
TXN100982,CUST1197,667.57,Credit,Swiggy,2025-07-31 06:14:00,Delhi,Mobile,5,11954.79,No,0
TXN100983,CUST1303,2297.95,Debit,Flipkart,2025-04-20 10:24:00,Bengaluru,Mobile,9,34764.58,No,0
TXN100984,CUST1409,515.11,Credit,Local Store,2025-08-31 07:39:00,Hyderabad,Mobile,4,69029.27,No,0
TXN100985,CUST1450,1532.46,Debit,Zomato,2025-07-22 03:17:00,Pune,Mobile,12,36216.07,No,0
TXN100986,CUST1010,1647.59,Debit,Local Store,2025-09-17 21:06:00,Bengaluru,Mobile,7,28608.0,No,0
TXN100987,CUST1312,2098.47,Credit,Google,2025-10-17 17:36:00,Kolkata,Mobile,3,69157.91,No,0
TXN100988,CUST1286,5379.17,Debit,Amazon,2025-03-19 02:32:00,Kolkata,Mobile,8,47348.0,No,0
TXN100989,CUST1242,403.73,Credit,Myntra,2025-05-24 17:00:00,London,Mobile,4,20636.36,No,0
TXN100990,CUST1251,1273.13,Credit,Amazon,2025-07-31 15:08:00,Pune,ATM,10,94543.9,No,0
TXN100991,CUST1365,2126.69,Debit,Amazon,2025-11-17 12:32:00,Kochi,Web,10,17012.04,No,0
TXN100992,CUST1005,2132.45,Debit,Apple,2025-06-07 10:47:00,Delhi,Mobile,10,100620.94,No,0
TXN100993,CUST1119,804.75,Debit,ATM,2025-02-21 07:09:00,Bengaluru,Web,8,46394.32,No,0
TXN100994,CUST1289,1611.12,Debit,Flipkart,2025-05-21 13:36:00,Mumbai,Web,4,22133.99,No,0
TXN100995,CUST1374,1076.07,Debit,Amazon,2025-10-13 08:45:00,Delhi,Mobile,7,13824.11,Yes,0
TXN100996,CUST1065,2298.43,Debit,ATM,2025-08-11 17:01:00,Kolkata,Web,8,33521.87,No,0
TXN100997,CUST1146,1013.54,Debit,Apple,2025-07-14 05:27:00,Delhi,Mobile,9,18709.4,No,0
TXN100998,CUST1224,1028.69,Debit,Myntra,2025-10-27 01:14:00,Mumbai,Web,3,32238.06,No,0
TXN100999,CUST1239,1438.01,Credit,Walmart,2025-12-11 19:07:00,Bengaluru,Mobile,7,52714.6,No,0
TXN101000,CUST1177,665.71,Credit,Other,2025-10-12 16:20:00,Bengaluru,Mobile,10,57698.67,No,0
TXN101001,CUST1267,513.26,Credit,Myntra,2025-07-04 16:52:00,Kolkata,Mobile,8,84248.39,No,0
TXN101002,CUST1341,291.1,Debit,ATM,2025-03-23 00:16:00,Kolkata,ATM,12,13783.43,No,0
TXN101003,CUST1282,958.24,Credit,Swiggy,2025-01-12 20:47:00,Kolkata,Web,11,35632.46,Yes,0
TXN101004,CUST1063,525.88,Debit,Amazon,2025-07-23 19:21:00,Hyderabad,Mobile,2,10295.82,No,0
TXN101005,CUST1217,815.37,Debit,ATM,2025-04-05 19:54:00,Bengaluru,Mobile,10,29820.46,Yes,0
TXN101006,CUST1342,3783.07,Credit,Amazon,2025-12-04 07:57:00,Pune,Mobile,10,9269.82,No,0
TXN101007,CUST1315,841.63,Debit,Walmart,2025-05-07 09:44:00,Pune,Mobile,13,145633.34,Yes,0
TXN101008,CUST1283,3857.46,Debit,Zomato,2025-04-05 19:35:00,Mumbai,Mobile,10,78516.93,No,0
TXN101009,CUST1177,1612.37,Credit,Amazon,2025-09-30 17:20:00,Delhi,Mobile,12,9354.68,No,0
TXN101010,CUST1461,827.5,Credit,ATM,2025-07-25 09:27:00,Hyderabad,ATM,13,18568.47,No,0
TXN101011,CUST1417,395.42,Debit,Other,2025-11-11 03:32:00,Pune,Web,9,51146.7,No,0
TXN101012,CUST1098,979.05,Debit,Flipkart,2025-01-25 17:54:00,Kochi,Mobile,8,35440.2,No,0
TXN101013,CUST1105,733.73,Debit,Other,2025-09-19 15:02:00,Kolkata,Mobile,10,30163.56,No,0
TXN101014,CUST1099,3583.95,Debit,Uber,2025-08-05 07:18:00,Delhi,ATM,7,35905.87,No,0
TXN101015,CUST1385,7854.29,Credit,Amazon,2025-11-26 01:46:00,Mumbai,Web,10,56378.23,No,1
TXN101016,CUST1405,3075.55,Debit,Uber,2025-08-07 16:45:00,Kolkata,Web,5,134252.84,Yes,0
TXN101017,CUST1496,522.86,Credit,Myntra,2025-05-14 16:32:00,Kolkata,ATM,5,12713.92,No,0
TXN101018,CUST1311,1158.46,Debit,Local Store,2025-05-13 22:20:00,Delhi,Web,11,25499.12,No,0
TXN101019,CUST1006,874.1,Debit,Zomato,2025-12-14 19:24:00,Kolkata,Mobile,10,7714.47,Yes,0
TXN101020,CUST1476,608.3,Debit,Apple,2025-05-22 02:36:00,Chennai,Mobile,7,28606.85,No,0
TXN101021,CUST1465,1001.28,Credit,Google,2025-05-19 19:59:00,London,ATM,11,101835.78,Yes,0
TXN101022,CUST1197,960.72,Debit,Zomato,2025-10-16 15:28:00,Kochi,Mobile,13,42410.06,No,0
TXN101023,CUST1351,6882.18,Debit,Other,2025-06-28 16:44:00,Hyderabad,Mobile,11,53040.82,No,0
TXN101024,CUST1133,1523.72,Debit,ATM,2025-10-27 00:39:00,Delhi,Mobile,13,34068.3,No,0
TXN101025,CUST1358,2504.65,Debit,Google,2025-09-19 02:00:00,Chennai,Web,17,17352.63,No,0
TXN101026,CUST1259,3128.8,Debit,Myntra,2025-11-25 01:26:00,Chennai,ATM,5,9403.7,No,0
TXN101027,CUST1437,2333.76,Credit,Zomato,2025-05-08 18:05:00,Bengaluru,Mobile,9,88282.41,No,0
TXN101028,CUST1023,4293.53,Debit,Apple,2025-04-26 21:32:00,Kolkata,Mobile,6,21256.71,No,0
TXN101029,CUST1485,756.28,Debit,Google,2025-04-04 15:12:00,Kochi,ATM,9,25949.43,No,0
TXN101030,CUST1053,2862.73,Credit,Walmart,2025-04-17 10:22:00,Delhi,Mobile,9,6826.07,Yes,0
TXN101031,CUST1165,7800.34,Credit,Flipkart,2025-02-16 19:31:00,Delhi,Mobile,10,18308.56,Yes,0
TXN101032,CUST1202,533.3,Debit,Zomato,2025-07-18 06:41:00,Mumbai,ATM,11,32823.84,No,0
TXN101033,CUST1458,780.76,Debit,Myntra,2025-11-02 12:33:00,Bengaluru,Mobile,6,38412.97,No,0
TXN101034,CUST1083,724.27,Credit,Amazon,2025-01-27 12:51:00,Chennai,Mobile,10,99345.33,No,0
TXN101035,CUST1145,9466.87,Credit,Apple,2025-05-29 14:21:00,Pune,Web,9,24606.6,No,0
TXN101036,CUST1085,378.61,Credit,Google,2025-07-04 15:28:00,Dubai,Mobile,8,27446.25,No,0
TXN101037,CUST1078,1224.54,Debit,Google,2025-07-19 09:39:00,Mumbai,ATM,7,93088.6,No,0
TXN101038,CUST1457,1793.89,Debit,Flipkart,2025-01-08 09:31:00,Kolkata,Mobile,8,71691.98,No,0
TXN101039,CUST1366,633.17,Debit,Google,2025-03-10 21:59:00,Dubai,Mobile,5,10343.69,No,0
TXN101040,CUST1001,406.89,Debit,Uber,2025-10-31 21:45:00,Chennai,Mobile,6,88110.82,Yes,0
TXN101041,CUST1051,483.08,Debit,Swiggy,2025-04-18 21:38:00,Pune,Mobile,9,8922.87,No,0
TXN101042,CUST1173,853.68,Credit,Uber,2025-04-15 06:38:00,Delhi,Web,4,42317.74,No,0
TXN101043,CUST1205,642.45,Debit,Google,2025-10-11 01:12:00,Delhi,Web,6,52274.98,No,0
TXN101044,CUST1260,4643.82,Debit,Apple,2025-08-13 15:34:00,Hyderabad,ATM,5,34216.17,No,0
TXN101045,CUST1446,648.07,Debit,Zomato,2025-08-20 15:29:00,Kolkata,Mobile,6,22434.39,No,0
TXN101046,CUST1449,641.72,Debit,Myntra,2025-12-11 20:14:00,Kochi,Web,4,21253.61,No,1
TXN101047,CUST1369,1626.97,Debit,Amazon,2025-10-26 12:12:00,Chennai,Mobile,6,4653.82,No,0
TXN101048,CUST1488,,Credit,Zomato,2025-11-05 22:25:00,Delhi,Web,7,33307.7,No,0
TXN101049,CUST1288,50.0,Debit,Walmart,2025-10-25 02:26:00,Chennai,Web,8,30466.23,No,0
TXN101050,CUST1034,459.81,Debit,Zomato,2025-06-27 17:48:00,Dubai,Mobile,9,91946.56,No,0
TXN101051,CUST1348,661.59,Credit,Zomato,2025-12-29 03:21:00,Delhi,Mobile,6,24244.55,No,0
TXN101052,CUST1095,398.88,Debit,Myntra,2025-11-24 06:09:00,Kochi,Mobile,5,20030.93,No,0
TXN101053,CUST1072,2870.99,Debit,Flipkart,2025-02-14 14:00:00,Hyderabad,Mobile,12,20240.78,No,0
TXN101054,CUST1039,245.72,Credit,Google,2025-03-15 12:08:00,Chennai,ATM,8,15843.8,No,0
TXN101055,CUST1154,3136.96,Credit,Flipkart,2025-03-15 15:02:00,Chennai,Mobile,12,21136.0,No,0
TXN101056,CUST1250,132.23,Debit,Walmart,2025-10-14 15:15:00,Hyderabad,Mobile,2,13728.04,No,0
TXN101057,CUST1162,1189.11,Credit,Local Store,2025-02-13 02:28:00,Bengaluru,Mobile,9,47106.47,Yes,0
TXN101058,CUST1438,5240.32,Debit,Amazon,2025-11-23 18:09:00,Delhi,Web,10,40101.89,No,0
TXN101059,CUST1118,605.01,Debit,Uber,2025-04-23 02:45:00,Chennai,Mobile,5,9991.39,No,0
TXN101060,CUST1259,1122.62,Debit,Amazon,2025-04-06 05:03:00,Delhi,Mobile,11,31916.75,No,0
TXN101061,CUST1379,3064.58,Credit,ATM,2025-06-05 23:25:00,Mumbai,Mobile,9,68564.48,No,0
TXN101062,CUST1306,2979.06,Debit,Google,2025-05-22 00:07:00,Delhi,Web,6,65725.73,No,0
TXN101063,CUST1268,1483.79,Debit,ATM,2025-06-23 10:48:00,Pune,Mobile,8,13633.98,No,1
TXN101064,CUST1449,914.23,Debit,ATM,2025-03-07 14:35:00,Kolkata,Web,8,80775.36,Yes,0
TXN101065,CUST1054,904.94,Debit,Amazon,2025-12-21 10:10:00,London,Mobile,4,19988.12,No,0
TXN101066,CUST1236,273.12,Credit,Swiggy,2025-06-03 10:52:00,Chennai,Mobile,8,30215.51,No,0
TXN101067,CUST1389,393.53,Debit,Uber,2025-04-24 00:57:00,Mumbai,Mobile,9,22837.08,No,0
TXN101068,CUST1478,1136.87,Debit,Walmart,2025-05-26 02:24:00,Mumbai,Mobile,6,12059.0,No,0
TXN101069,CUST1222,1441.56,Debit,Google,2025-06-14 04:40:00,Mumbai,Mobile,6,16565.93,No,0
TXN101070,CUST1251,14339.61,Debit,Apple,2025-08-06 04:07:00,Kolkata,Mobile,6,75640.67,Yes,0
TXN101071,CUST1313,2394.04,Credit,Walmart,2025-01-06 04:21:00,Mumbai,Web,9,77201.16,No,0
TXN101072,CUST1401,773.63,Credit,Swiggy,2025-11-25 03:01:00,Delhi,Mobile,15,49544.01,Yes,0
TXN101073,CUST1112,1826.94,Debit,Uber,2025-04-14 04:26:00,Mumbai,Mobile,7,25109.57,No,0
TXN101074,CUST1255,187.94,Credit,Other,2025-09-24 05:55:00,London,ATM,8,114797.4,No,0
TXN101075,CUST1303,1193.28,Credit,Myntra,2025-12-10 04:18:00,Dubai,Mobile,9,62392.19,No,0
TXN101076,CUST1407,2174.83,Debit,Swiggy,2025-06-10 18:16:00,Hyderabad,Web,8,27233.99,No,0
TXN101077,CUST1207,2193.51,Debit,Walmart,2025-05-01 18:41:00,Chennai,Web,5,6864.84,No,0
TXN101078,CUST1229,1026.34,Credit,Google,2025-08-08 18:16:00,Kochi,Mobile,9,56723.81,No,0
TXN101079,CUST1341,1938.8,Debit,Local Store,2025-08-18 17:34:00,London,Web,7,75442.84,No,0
TXN101080,CUST1398,838.15,Credit,Google,2025-02-27 03:19:00,Hyderabad,Mobile,10,41006.9,Yes,0
TXN101081,CUST1066,1628.98,Debit,Uber,2025-01-11 17:14:00,Hyderabad,Mobile,7,7096.38,No,0
TXN101082,CUST1075,427.75,Debit,Local Store,2025-11-03 05:51:00,London,Mobile,8,34498.85,No,0
TXN101083,CUST1435,354.65,Debit,Flipkart,2025-08-23 15:53:00,Pune,Mobile,7,152062.54,No,0
TXN101084,CUST1103,3880.2,Debit,Uber,2025-08-17 08:21:00,Hyderabad,Mobile,11,26497.27,No,0
TXN101085,CUST1422,911.15,Credit,Uber,2025-02-28 00:35:00,Delhi,Mobile,7,129675.4,No,0
TXN101086,CUST1192,1706.49,Debit,ATM,2025-05-03 18:46:00,London,Mobile,10,50342.61,No,0
TXN101087,CUST1252,500.32,Debit,Swiggy,2025-12-01 12:39:00,Kochi,Mobile,7,30806.02,No,0
TXN101088,CUST1226,355.54,Credit,Google,2025-10-29 06:19:00,Pune,Mobile,9,85150.32,No,0
TXN101089,CUST1294,636.01,Debit,Other,2025-11-23 08:04:00,Pune,Mobile,5,18843.3,No,0
TXN101090,CUST1306,1677.18,Debit,ATM,2025-02-17 18:43:00,Bengaluru,Mobile,12,11763.02,No,0
TXN101091,CUST1098,139.37,Credit,Walmart,2025-10-28 09:08:00,Kochi,Mobile,8,11947.52,No,0
TXN101092,CUST1338,1349.23,Debit,Myntra,2025-11-28 18:22:00,Bengaluru,Web,7,34742.15,No,0
TXN101093,CUST1286,2166.84,Debit,Amazon,2025-06-20 10:04:00,Dubai,Mobile,6,41539.68,No,0
TXN101094,CUST1335,453.88,Debit,Zomato,2025-07-30 02:03:00,Hyderabad,ATM,7,17824.38,No,0
TXN101095,CUST1347,1396.09,Debit,Myntra,2025-01-13 00:17:00,Kochi,Web,9,74211.49,No,0
TXN101096,CUST1435,1291.64,Debit,Amazon,2025-12-20 17:06:00,Bengaluru,Mobile,3,31769.57,No,0
TXN101097,CUST1447,460.88,Debit,Flipkart,2025-03-25 11:54:00,Delhi,Web,4,55384.97,No,0
TXN101098,CUST1482,946.44,Debit,Walmart,2025-05-05 00:10:00,Chennai,Mobile,13,17833.04,No,0
TXN101099,CUST1308,1081.28,Debit,Google,2025-12-20 23:33:00,Kolkata,Mobile,7,25939.35,Yes,0
TXN101100,CUST1249,459.02,Debit,Apple,2025-07-17 21:56:00,Kochi,ATM,7,7910.27,No,0
TXN101101,CUST1166,774.27,Debit,Uber,2025-08-26 01:43:00,Pune,Mobile,10,24080.88,No,0
TXN101102,CUST1481,1071.24,Debit,ATM,2025-10-01 17:05:00,Delhi,ATM,11,35213.45,No,0
TXN101103,CUST1472,1461.16,Credit,Other,2025-12-22 06:43:00,Chennai,Mobile,9,19528.06,No,0
TXN101104,CUST1335,7256.21,Credit,Myntra,2025-12-19 08:05:00,Dubai,Mobile,13,28410.72,No,0
TXN101105,CUST1030,416.46,Debit,Amazon,2025-04-14 03:10:00,Pune,,6,35570.83,No,0
TXN101106,CUST1247,4245.0,Debit,Apple,2025-05-05 17:07:00,Pune,Mobile,14,19907.51,No,0
TXN101107,CUST1106,446.98,Debit,Myntra,2025-10-30 12:33:00,Kochi,Mobile,9,24383.49,No,0
TXN101108,CUST1051,1093.89,Debit,Walmart,2025-09-08 14:50:00,Pune,Mobile,10,17183.53,No,0
TXN101109,CUST1081,2749.53,Debit,Google,2025-05-20 18:20:00,Mumbai,Web,4,14677.27,No,0
TXN101110,CUST1133,1703.41,Debit,Local Store,2025-10-26 22:02:00,Pune,Mobile,13,74765.35,No,0
TXN101111,CUST1285,104.1,Debit,Myntra,2025-05-22 02:39:00,Kolkata,Mobile,9,10172.5,No,0
TXN101112,CUST1388,3247.4,Credit,Myntra,2025-09-19 15:54:00,Kochi,Mobile,8,56410.34,No,0
TXN101113,CUST1138,1515.22,Debit,Google,2025-12-03 12:25:00,Kochi,ATM,5,10685.94,Yes,0
TXN101114,CUST1184,628.8,Debit,Other,2025-11-25 09:30:00,Chennai,Mobile,5,92373.18,No,0
TXN101115,CUST1401,962.14,Credit,ATM,2025-09-24 01:00:00,Hyderabad,Mobile,4,45773.31,Yes,0
TXN101116,CUST1330,1681.23,Debit,Other,2025-03-22 06:38:00,Chennai,ATM,7,22465.13,No,0
TXN101117,CUST1273,1970.57,Debit,Flipkart,2025-06-23 16:20:00,Chennai,Mobile,8,60351.5,No,0
TXN101118,CUST1340,1899.93,Debit,Other,2025-04-03 12:41:00,Delhi,Mobile,8,67194.32,No,0
TXN101119,CUST1472,536.42,Debit,Swiggy,2025-04-17 08:04:00,Dubai,Web,5,45897.12,No,0
TXN101120,CUST1069,1083.28,Debit,Myntra,2025-11-19 23:05:00,Chennai,Web,4,42423.72,No,0
TXN101121,CUST1034,471.93,Debit,Google,2025-05-23 07:23:00,Mumbai,Mobile,7,35165.39,No,0
TXN101122,CUST1262,2359.68,Debit,Other,2025-01-06 13:56:00,Dubai,Mobile,10,86035.77,No,0
TXN101123,CUST1053,859.12,Debit,Swiggy,2025-04-18 02:45:00,Kochi,Web,12,29183.2,No,0
TXN101124,CUST1450,1696.75,Debit,Google,2025-05-21 19:07:00,Delhi,Mobile,10,32534.21,No,0
TXN101125,CUST1205,655.93,Credit,ATM,2025-07-19 15:56:00,Pune,ATM,7,56766.49,No,0
TXN101126,CUST1126,1194.74,Credit,Google,2025-08-13 18:20:00,Delhi,Mobile,2,23417.14,No,0
TXN101127,CUST1235,905.28,Debit,Flipkart,2025-08-20 10:59:00,Chennai,Mobile,3,67847.34,No,0
TXN101128,CUST1043,325.78,Debit,Google,2025-02-11 07:40:00,Chennai,Mobile,6,58045.29,No,0
TXN101129,CUST1240,3264.5,Debit,Walmart,2025-04-27 10:07:00,Bengaluru,Web,6,251317.45,No,0
TXN101130,CUST1459,2139.88,Credit,Myntra,2025-06-14 06:07:00,Hyderabad,ATM,7,27106.46,No,0
TXN101131,CUST1371,308.23,Debit,Amazon,2025-10-30 09:57:00,Dubai,Web,7,46575.99,Yes,0
TXN101132,CUST1111,483.26,Debit,Amazon,2025-10-03 07:32:00,Kochi,ATM,10,42201.48,No,0
TXN101133,CUST1249,605.08,Debit,Amazon,2025-10-12 01:44:00,Mumbai,Mobile,5,54591.11,No,0
TXN101134,CUST1151,4093.02,Debit,Google,2025-01-02 15:12:00,Mumbai,Mobile,8,28193.08,No,0
TXN101135,CUST1183,2610.07,Debit,ATM,2025-04-03 08:44:00,Bengaluru,Web,11,42130.83,No,0
TXN101136,CUST1336,1361.81,Debit,Apple,2025-08-31 08:20:00,Pune,ATM,11,33156.45,No,0
TXN101137,CUST1095,225.52,Debit,Swiggy,2025-02-04 18:58:00,Kochi,Web,3,56670.13,No,0
TXN101138,CUST1459,1731.11,Debit,Swiggy,2025-09-17 22:33:00,Bengaluru,Web,5,7035.98,Yes,0
TXN101139,CUST1374,1298.59,Debit,Google,2025-06-21 15:59:00,Chennai,Mobile,10,24862.08,No,0
TXN101140,CUST1400,776.71,Credit,Walmart,2025-03-29 13:00:00,Kolkata,Mobile,8,145941.14,Yes,0
TXN101141,CUST1008,4112.38,Debit,Walmart,2025-05-11 12:34:00,Delhi,ATM,10,94427.81,No,0
TXN101142,CUST1388,897.91,Debit,Uber,2025-04-01 15:44:00,Mumbai,Mobile,4,37328.15,Yes,0
TXN101143,CUST1360,3572.25,Debit,Google,2025-12-31 07:48:00,Kolkata,Mobile,9,46358.26,No,0
TXN101144,CUST1388,759.34,Debit,Zomato,2025-11-21 11:23:00,Delhi,Web,8,43910.24,No,0
TXN101145,CUST1184,466.13,Debit,Flipkart,2025-12-31 04:26:00,Bengaluru,Mobile,2,47713.97,No,0
TXN101146,CUST1281,315.47,Credit,Amazon,2025-10-01 07:34:00,Mumbai,Web,4,15407.38,No,0
TXN101147,CUST1195,1012.47,Debit,Flipkart,2025-11-22 07:46:00,Mumbai,Mobile,9,18050.25,No,0
TXN101148,CUST1352,1146.47,Credit,Amazon,2025-04-19 23:51:00,Dubai,Web,11,18249.47,No,0
TXN101149,CUST1195,422.09,Debit,Local Store,2025-02-10 14:38:00,London,Web,10,21299.5,No,0
TXN101150,CUST1155,441.96,Debit,Local Store,2025-11-14 18:09:00,Dubai,Mobile,10,96811.73,No,0
TXN101151,CUST1093,3553.27,Debit,Google,2025-04-11 05:55:00,Pune,Mobile,8,12397.5,No,0
TXN101152,CUST1160,2303.41,Debit,Local Store,2025-12-09 19:51:00,Delhi,Mobile,9,129683.89,No,0
TXN101153,CUST1434,6841.35,Credit,Other,2025-05-04 13:12:00,Kolkata,Mobile,5,40291.5,No,0
TXN101154,CUST1061,217.66,Credit,Apple,2025-05-03 01:27:00,Dubai,Mobile,10,12390.99,No,0
TXN101155,CUST1122,6052.07,Credit,Uber,2025-06-14 02:01:00,Bengaluru,Web,15,19392.4,No,0
TXN101156,CUST1051,499.06,Credit,Walmart,2025-02-28 20:34:00,Delhi,Mobile,8,41310.86,No,0
TXN101157,CUST1403,294.33,Credit,Apple,2025-11-10 13:58:00,Kolkata,Mobile,12,11280.02,No,0
TXN101158,CUST1277,1408.48,Debit,Flipkart,2025-12-19 14:12:00,Kolkata,Mobile,8,22897.47,No,0
TXN101159,CUST1005,170.75,Debit,Flipkart,2025-04-15 04:23:00,Bengaluru,Web,8,12673.06,No,0
TXN101160,CUST1466,3239.86,Debit,ATM,2025-02-25 19:48:00,Delhi,Mobile,7,47888.06,Yes,0
TXN101161,CUST1092,1302.51,Debit,Local Store,2025-06-16 12:19:00,Kochi,ATM,6,12823.95,No,0
TXN101162,CUST1170,542.65,Credit,Walmart,2025-05-24 15:26:00,Mumbai,Web,10,9594.95,No,0
TXN101163,CUST1317,2987.4,Debit,Uber,2025-04-02 19:32:00,Kochi,Web,4,89156.08,No,0
TXN101164,CUST1022,957.66,Debit,Amazon,2025-10-14 16:11:00,Hyderabad,Web,7,23652.39,No,0
TXN101165,CUST1405,1136.18,Debit,Apple,2025-04-21 16:20:00,Dubai,Mobile,7,22142.39,No,0
TXN101166,CUST1326,2053.59,Debit,Other,2025-02-01 02:29:00,Delhi,Web,12,42339.65,No,0
TXN101167,CUST1001,583.65,Debit,Uber,2025-01-19 02:46:00,Delhi,Mobile,9,29120.31,No,0
TXN101168,CUST1133,381.75,Debit,Myntra,2025-07-13 18:03:00,Chennai,ATM,7,16042.24,No,0
TXN101169,CUST1233,962.52,Debit,Swiggy,2025-03-05 06:08:00,Bengaluru,ATM,8,18807.19,No,0
TXN101170,CUST1012,283.84,Debit,Local Store,2025-10-01 21:43:00,Kolkata,Mobile,5,,No,0
TXN101171,CUST1346,713.09,Debit,Amazon,2025-04-22 15:21:00,Mumbai,Mobile,14,14427.56,No,0
TXN101172,CUST1046,402.88,Debit,Myntra,2025-12-07 23:44:00,Delhi,Mobile,10,28938.76,Yes,0
TXN101173,CUST1034,802.81,Debit,Amazon,2025-03-28 20:34:00,Chennai,Web,6,103869.8,No,0
TXN101174,CUST1433,447.24,Debit,Amazon,2025-04-01 12:31:00,Kochi,Mobile,14,23786.57,No,0
TXN101175,CUST1078,779.74,Debit,Local Store,2025-01-27 19:55:00,Pune,Mobile,7,74934.12,No,0
TXN101176,CUST1218,3064.1,Debit,Amazon,2025-03-08 00:31:00,Bengaluru,Mobile,6,13942.0,Yes,0
TXN101177,CUST1301,521.93,Debit,Uber,2025-11-20 13:18:00,Kolkata,Mobile,12,34144.78,No,0
TXN101178,CUST1411,1610.44,Debit,Uber,2025-09-13 19:37:00,Kochi,ATM,2,75701.3,Yes,0
TXN101179,CUST1073,179.71,Debit,Myntra,2025-10-20 13:20:00,Kolkata,Web,6,19380.95,No,0
TXN101180,CUST1282,788.54,Debit,Other,2025-08-25 22:47:00,Hyderabad,Mobile,11,125233.58,No,0
TXN101181,CUST1249,480.6,Debit,Flipkart,2025-07-03 17:58:00,Kolkata,Mobile,8,28557.61,No,0
TXN101182,CUST1047,1161.9,Credit,Other,2025-07-16 13:02:00,Bengaluru,Mobile,6,12432.05,No,0
TXN101183,CUST1121,631.12,Debit,Walmart,2025-05-07 12:10:00,Hyderabad,Mobile,10,63130.27,No,0
TXN101184,CUST1214,2603.02,Credit,Apple,2025-05-15 04:26:00,Bengaluru,Web,9,97625.26,No,0
TXN101185,CUST1239,769.64,Debit,Apple,2025-04-11 01:03:00,Delhi,Mobile,12,11669.35,No,0
TXN101186,CUST1056,3377.69,Debit,ATM,2025-10-22 04:02:00,Chennai,Mobile,4,41402.17,No,0
TXN101187,CUST1350,135.35,Debit,ATM,2025-03-20 21:33:00,Dubai,ATM,11,17950.26,No,0
TXN101188,CUST1107,1141.63,Debit,Zomato,2025-12-05 13:05:00,Hyderabad,ATM,10,13820.28,No,0
TXN101189,CUST1319,1254.29,Debit,Local Store,2025-10-15 16:59:00,Bengaluru,Mobile,5,15344.6,No,0
TXN101190,CUST1048,430.61,Debit,Google,2025-07-17 10:54:00,Mumbai,Mobile,7,34808.99,No,0
TXN101191,CUST1061,1097.84,Debit,ATM,2025-10-20 18:54:00,Bengaluru,Mobile,14,78441.33,No,0
TXN101192,CUST1337,1776.07,Debit,Other,2025-05-08 02:43:00,Delhi,Web,11,28404.67,Yes,0
TXN101193,CUST1026,3251.59,Debit,Google,2025-04-15 13:35:00,Hyderabad,ATM,8,40741.47,No,0
TXN101194,CUST1292,824.32,Debit,Myntra,2025-03-29 02:38:00,Chennai,Mobile,7,19625.05,No,0
TXN101195,CUST1257,706.73,Debit,Other,2025-07-03 16:48:00,Bengaluru,Mobile,10,27044.39,No,0
TXN101196,CUST1008,601.01,Debit,Amazon,2025-05-15 07:12:00,Mumbai,ATM,7,15504.66,No,0
TXN101197,CUST1113,1152.59,Credit,Amazon,2025-10-11 12:48:00,Chennai,Web,9,7647.01,No,0
TXN101198,CUST1355,430.19,Credit,Other,2025-03-12 23:59:00,Pune,ATM,4,20255.31,No,1
TXN101199,CUST1253,2322.71,Credit,Local Store,2025-08-18 06:50:00,Kolkata,Mobile,9,69353.18,No,0
TXN101200,CUST1180,216.4,Debit,Swiggy,2025-03-26 11:48:00,Delhi,Mobile,13,4577.77,No,0
TXN101201,CUST1207,1028.0,Debit,Flipkart,2025-10-18 18:54:00,Delhi,Mobile,9,67913.84,No,0
TXN101202,CUST1303,276.0,Credit,Zomato,2025-05-07 08:28:00,Delhi,Mobile,6,38045.23,No,0
TXN101203,CUST1127,1045.16,Debit,Uber,2025-12-04 06:22:00,Dubai,Mobile,7,26797.56,No,0
TXN101204,CUST1056,2461.2,Debit,Amazon,2025-08-07 02:23:00,Chennai,Mobile,6,20050.38,Yes,0
TXN101205,CUST1214,1319.49,Credit,Zomato,2025-04-20 20:15:00,Chennai,Mobile,8,42582.04,No,0
TXN101206,CUST1014,600.22,Debit,Apple,2025-06-23 12:37:00,Bengaluru,ATM,12,84873.23,No,0
TXN101207,CUST1474,2245.37,Debit,Other,2025-04-06 01:57:00,Bengaluru,Mobile,7,36079.96,No,0
TXN101208,CUST1028,71.13,Debit,Swiggy,2025-06-01 05:30:00,Bengaluru,Web,5,25391.86,No,0
TXN101209,CUST1471,1025.3,Debit,Other,2025-08-25 04:13:00,Kolkata,Mobile,11,225083.83,No,0
TXN101210,CUST1078,477.18,Credit,Uber,2025-08-06 13:35:00,Mumbai,Web,11,31717.22,No,0
TXN101211,CUST1216,1797.64,Debit,Local Store,2025-02-04 14:47:00,London,Mobile,8,8701.38,No,0
TXN101212,CUST1386,87.28,Debit,Zomato,2025-02-10 17:33:00,Bengaluru,Web,6,38020.05,No,0
TXN101213,CUST1365,688.51,Debit,Myntra,2025-08-10 08:46:00,Hyderabad,Mobile,7,19124.03,No,0
TXN101214,CUST1154,576.52,Debit,Uber,2025-07-21 08:34:00,London,Mobile,10,22815.97,No,0
TXN101215,CUST1014,2708.75,Debit,Local Store,2025-02-24 01:22:00,Kochi,Web,3,77562.55,Yes,0
TXN101216,CUST1187,496.55,Debit,Google,2025-07-09 08:07:00,Mumbai,Mobile,11,57431.53,No,0
TXN101217,CUST1312,878.35,Credit,Local Store,2025-02-28 20:41:00,Delhi,Mobile,5,7930.42,No,0
TXN101218,CUST1371,1177.35,Debit,Local Store,2025-10-26 17:52:00,Kochi,ATM,10,8127.49,No,0
TXN101219,CUST1007,1071.07,Debit,Uber,2025-12-25 18:37:00,Mumbai,ATM,9,33050.99,No,0
TXN101220,CUST1003,1049.69,Debit,Other,2025-08-17 07:28:00,Bengaluru,Mobile,8,61662.41,Yes,0
TXN101221,CUST1111,1166.41,Debit,Swiggy,2025-10-07 20:20:00,Kochi,Mobile,6,5516.42,No,0
TXN101222,CUST1407,1096.04,Credit,Uber,2025-03-25 13:56:00,Delhi,Mobile,8,61989.38,No,0
TXN101223,CUST1238,11807.89,Credit,Walmart,2025-05-31 20:28:00,Chennai,Mobile,6,189006.47,No,0
TXN101224,CUST1363,182.61,Credit,Flipkart,2025-01-30 16:07:00,Delhi,ATM,7,72385.33,No,0
TXN101225,CUST1239,497.11,Debit,ATM,2025-08-25 12:55:00,Mumbai,Mobile,6,16402.47,No,0
TXN101226,CUST1493,1046.2,Debit,Swiggy,2025-10-06 03:11:00,Dubai,Mobile,11,48124.74,No,0
TXN101227,CUST1274,3337.35,Debit,Myntra,2025-10-29 15:36:00,Chennai,ATM,13,35409.94,No,0
TXN101228,CUST1294,2846.35,Debit,Swiggy,2025-01-08 21:50:00,Dubai,Mobile,5,113136.87,No,0
TXN101229,CUST1227,3094.98,Credit,Apple,2025-09-05 20:18:00,Delhi,Web,7,69664.08,No,0
TXN101230,CUST1371,1058.56,Credit,Other,2025-08-23 19:13:00,Mumbai,Mobile,14,15150.18,No,0
TXN101231,CUST1015,3793.53,Debit,Myntra,2025-08-24 13:28:00,Bengaluru,Mobile,6,46182.27,No,0
TXN101232,CUST1192,602.22,Credit,Google,2025-01-15 18:41:00,Pune,Web,14,16070.53,No,0
TXN101233,CUST1473,2740.41,Credit,Uber,2025-02-07 15:09:00,Dubai,Mobile,5,64771.56,No,0
TXN101234,CUST1119,1325.03,Debit,Local Store,2025-07-02 00:13:00,Hyderabad,Mobile,12,24579.46,No,0
TXN101235,CUST1485,1348.73,Debit,Other,2025-08-04 17:35:00,Bengaluru,Mobile,9,28866.35,Yes,0
TXN101236,CUST1028,292.63,Debit,Uber,2025-09-09 17:02:00,Delhi,Mobile,9,33761.33,No,0
TXN101237,CUST1202,186.74,Debit,Apple,2025-10-02 00:37:00,Kochi,Mobile,4,19665.76,Yes,0
TXN101238,CUST1039,820.05,Debit,Other,2025-06-23 04:55:00,Chennai,Mobile,11,32204.01,No,0
TXN101239,CUST1441,999.08,Debit,Zomato,2025-01-30 01:49:00,Kolkata,Mobile,5,41947.08,No,0
TXN101240,CUST1273,357.38,Credit,Apple,2025-01-08 02:07:00,Delhi,Mobile,8,24080.25,No,0
TXN101241,CUST1231,2767.77,Debit,Walmart,2025-06-01 16:01:00,Hyderabad,Web,12,35049.47,No,0
TXN101242,CUST1086,481.37,Credit,Local Store,2025-04-21 14:52:00,Mumbai,Mobile,13,17017.29,No,0
TXN101243,CUST1474,1949.84,Credit,Local Store,2025-11-28 10:26:00,Bengaluru,Mobile,6,11814.22,No,0
TXN101244,CUST1126,817.11,Debit,Amazon,2025-12-11 23:22:00,Pune,Web,6,28981.97,No,0
TXN101245,CUST1300,2396.14,Debit,Zomato,2025-05-23 11:17:00,Kolkata,Mobile,10,63772.36,No,0
TXN101246,CUST1025,331.09,Debit,Amazon,2025-01-16 07:11:00,Delhi,Web,8,62231.88,No,0
TXN101247,CUST1145,220.31,Debit,Google,2025-11-19 04:17:00,Mumbai,Web,1,59369.98,No,0
TXN101248,CUST1013,1880.46,Debit,Flipkart,2025-04-10 16:01:00,Hyderabad,Mobile,16,63411.88,No,0
TXN101249,CUST1212,2573.99,Credit,ATM,2025-09-02 10:17:00,Kochi,Mobile,10,34136.21,No,0
TXN101250,CUST1025,1502.34,Debit,Flipkart,2025-05-11 09:31:00,Mumbai,ATM,4,19708.44,No,0
TXN101251,CUST1068,453.3,Debit,Uber,2025-06-14 17:19:00,Delhi,Mobile,7,24448.13,No,0
TXN101252,CUST1394,2156.81,Debit,Flipkart,2025-05-04 00:44:00,Delhi,Web,11,27151.53,No,0
TXN101253,CUST1067,,Credit,Local Store,2025-11-14 06:47:00,Mumbai,Mobile,8,18151.56,No,0
TXN101254,CUST1233,350.18,Debit,Apple,2025-12-23 11:13:00,Bengaluru,Mobile,2,46383.65,No,0
TXN101255,CUST1109,1718.21,Debit,Zomato,2025-02-17 13:27:00,Chennai,Mobile,8,18787.97,No,0
TXN101256,CUST1146,1264.64,Debit,Uber,2025-04-14 06:14:00,Chennai,Mobile,8,7425.7,No,0
TXN101257,CUST1111,1217.71,Debit,Uber,2025-03-28 00:13:00,Pune,Mobile,6,65773.14,No,0
TXN101258,CUST1228,275.04,Debit,Zomato,2025-08-07 22:21:00,Bengaluru,Web,10,43596.73,No,0
TXN101259,CUST1111,2497.08,Debit,Local Store,2025-06-13 05:42:00,Chennai,ATM,10,8152.26,No,0
TXN101260,CUST1470,637.38,Debit,ATM,2025-11-10 14:50:00,Kochi,Web,8,18288.81,No,0
TXN101261,CUST1034,573.69,Debit,Google,2025-06-11 20:37:00,Chennai,Mobile,6,27661.83,No,0
TXN101262,CUST1111,1728.74,Credit,Google,2025-01-17 12:22:00,Kolkata,ATM,16,29663.82,No,0
TXN101263,CUST1264,881.47,Credit,Uber,2025-12-20 19:32:00,Hyderabad,Web,8,144144.37,No,0
TXN101264,CUST1424,260.93,Debit,Google,2025-10-11 21:28:00,Chennai,ATM,7,14480.8,No,0
TXN101265,CUST1369,5061.75,Credit,Local Store,2025-04-17 10:05:00,Mumbai,Mobile,10,13824.34,No,0
TXN101266,CUST1236,1377.71,Debit,Walmart,2025-03-26 21:38:00,Chennai,Web,6,77157.65,No,0
TXN101267,CUST1083,1074.38,Debit,Walmart,2025-11-12 13:38:00,Kochi,Web,14,25914.51,No,0
TXN101268,CUST1042,1062.85,Credit,Amazon,2025-12-02 03:36:00,Delhi,Mobile,10,71683.13,No,0
TXN101269,CUST1425,1113.6,Credit,Swiggy,2025-09-26 06:48:00,Chennai,ATM,11,24357.34,No,0
TXN101270,CUST1101,1207.84,Credit,Myntra,2025-12-18 19:01:00,Bengaluru,Mobile,9,74157.05,Yes,1
TXN101271,CUST1006,3431.39,Debit,Flipkart,2025-10-22 10:06:00,Mumbai,Mobile,11,24145.48,No,0
TXN101272,CUST1180,5328.14,Debit,Google,2025-07-13 13:10:00,Bengaluru,ATM,10,27072.99,No,0
TXN101273,CUST1282,820.74,Credit,Walmart,2025-09-24 17:13:00,Bengaluru,Mobile,4,13658.66,No,0
TXN101274,CUST1320,2156.83,Debit,Apple,2025-03-25 12:23:00,Delhi,ATM,9,108659.72,No,0
TXN101275,CUST1226,2052.97,Debit,Zomato,2025-01-01 02:39:00,Kochi,Web,11,16893.25,No,0
TXN101276,CUST1443,2185.13,Credit,Swiggy,2025-04-24 04:33:00,Mumbai,Mobile,8,11409.19,No,0
TXN101277,CUST1440,3910.72,Credit,Amazon,2025-09-12 20:43:00,Pune,Mobile,13,100217.08,No,0
TXN101278,CUST1315,2570.57,Credit,Myntra,2025-04-13 07:09:00,Dubai,Web,6,48734.87,No,0
TXN101279,CUST1365,1664.41,Debit,Walmart,2025-03-16 15:47:00,Bengaluru,Web,17,97570.44,No,0
TXN101280,CUST1454,581.4,Credit,Amazon,2025-01-11 05:43:00,Kochi,ATM,6,17414.99,No,0
TXN101281,CUST1229,1485.19,Debit,Other,2025-02-02 00:21:00,Pune,ATM,10,46811.07,No,0
TXN101282,CUST1377,385.31,Debit,Swiggy,2025-06-18 13:17:00,Hyderabad,Mobile,4,84972.11,No,0
TXN101283,CUST1289,1739.18,Debit,Zomato,2025-08-29 12:51:00,London,Mobile,9,12620.34,No,0
TXN101284,CUST1437,1509.13,Debit,Flipkart,2025-06-10 03:24:00,Bengaluru,ATM,8,37984.87,No,0
TXN101285,CUST1150,262.04,Debit,Walmart,2025-05-11 04:10:00,Bengaluru,Mobile,7,21165.41,Yes,0
TXN101286,CUST1277,685.94,Debit,ATM,2025-08-22 23:07:00,Pune,Mobile,6,22138.73,Yes,0
TXN101287,CUST1198,522.46,Debit,Zomato,2025-12-05 05:10:00,Mumbai,Web,7,16061.5,No,0
TXN101288,CUST1070,2214.64,Debit,Myntra,2025-10-09 13:33:00,Hyderabad,ATM,12,40932.47,No,0
TXN101289,CUST1112,817.25,Debit,Google,2025-04-28 05:05:00,Bengaluru,Web,7,24880.43,No,0
TXN101290,CUST1004,264.25,Debit,Swiggy,2025-05-23 00:55:00,Pune,Mobile,12,14852.39,No,0
TXN101291,CUST1350,1712.75,Debit,Myntra,2025-05-05 21:18:00,Pune,Web,6,86246.14,No,0
TXN101292,CUST1331,1348.38,Credit,Flipkart,2025-07-06 22:00:00,Delhi,Web,10,30902.31,No,0
TXN101293,CUST1446,1242.03,Credit,Zomato,2025-11-25 07:39:00,London,ATM,4,9178.34,No,0
TXN101294,CUST1318,364.16,Debit,Local Store,2025-11-03 21:04:00,,ATM,5,17786.5,No,0
TXN101295,CUST1350,1973.86,Credit,Flipkart,2025-08-11 17:52:00,Bengaluru,Mobile,9,9796.55,Yes,0
TXN101296,CUST1095,979.37,Debit,Other,2025-06-21 23:24:00,Kolkata,Web,6,18587.99,No,0
TXN101297,CUST1152,922.34,Debit,Uber,2025-05-19 17:35:00,Pune,ATM,5,,No,0
TXN101298,CUST1311,311.71,Credit,Walmart,2025-02-13 10:31:00,Bengaluru,Mobile,7,47306.48,No,0
TXN101299,CUST1137,323.17,Debit,Google,2025-04-26 11:17:00,Chennai,Mobile,6,56041.53,No,0
TXN101300,CUST1247,66134.8,Credit,ATM,2025-02-26 02:51:00,Kochi,ATM,6,18623.85,No,0
TXN101301,CUST1387,346.14,Debit,Swiggy,2025-11-19 05:48:00,London,Mobile,8,22763.61,No,1
TXN101302,CUST1243,133.33,Credit,Apple,2025-09-13 17:46:00,Kolkata,Mobile,10,41349.64,No,0
TXN101303,CUST1031,745.88,Debit,ATM,2025-06-12 13:44:00,Bengaluru,Mobile,10,56786.98,No,0
TXN101304,CUST1040,906.43,Debit,Zomato,2025-05-21 12:26:00,London,Mobile,9,26764.94,No,0
TXN101305,CUST1229,438.39,Debit,Other,2025-05-09 02:16:00,Dubai,Mobile,12,48125.23,No,0
TXN101306,CUST1036,482.14,Debit,Local Store,2025-10-05 02:09:00,Delhi,Mobile,6,19532.82,No,0
TXN101307,CUST1408,973.78,Debit,Apple,2025-12-11 11:23:00,Kochi,ATM,5,5932.29,Yes,0
TXN101308,CUST1223,1578.85,Credit,ATM,2025-04-05 21:23:00,Kochi,Web,15,58666.64,No,0
TXN101309,CUST1006,270.43,Debit,Other,2025-12-07 08:03:00,Dubai,Web,3,45369.73,No,0
TXN101310,CUST1322,738.3,Debit,Walmart,2025-03-20 20:30:00,Kochi,Mobile,4,27639.31,No,0
TXN101311,CUST1468,1094.72,Debit,Walmart,2025-12-03 05:06:00,Kolkata,Web,11,33900.16,No,0
TXN101312,CUST1220,863.54,Debit,Swiggy,2025-03-05 08:18:00,Delhi,Web,9,70783.6,No,0
TXN101313,CUST1075,551.88,Credit,ATM,2025-04-03 13:36:00,Mumbai,Web,10,29544.98,No,0
TXN101314,CUST1004,393.45,Debit,Local Store,2025-12-14 03:49:00,Kolkata,Mobile,12,3396.33,No,0
TXN101315,CUST1335,6184.41,Debit,Walmart,2025-12-27 06:07:00,Kochi,Mobile,7,6484.95,No,0
TXN101316,CUST1134,105.96,Debit,Apple,2025-05-05 20:07:00,London,Web,10,81149.79,Yes,0
TXN101317,CUST1118,3057.43,Debit,Local Store,2025-09-30 02:58:00,Mumbai,Web,13,46396.24,No,0
TXN101318,CUST1369,349.85,Credit,Other,2025-06-16 16:16:00,Delhi,Web,7,69699.72,No,0
TXN101319,CUST1094,1394.58,Debit,Apple,2025-01-23 12:41:00,Mumbai,Web,7,90654.59,No,0
TXN101320,CUST1486,1185.84,Debit,Flipkart,2025-06-15 07:18:00,Kolkata,Mobile,11,86797.96,Yes,0
TXN101321,CUST1435,387.82,Credit,Other,2025-02-01 02:00:00,Kolkata,Web,5,10332.34,No,0
TXN101322,CUST1062,904.83,Credit,Myntra,2025-07-18 08:22:00,Chennai,Mobile,15,25557.05,No,0
TXN101323,CUST1441,737.21,Debit,Local Store,2025-08-30 13:40:00,Delhi,Web,8,15308.72,No,0
TXN101324,CUST1194,1127.45,Debit,Amazon,2025-03-10 10:18:00,Chennai,ATM,4,33606.79,No,0
TXN101325,CUST1335,3951.9,Debit,Myntra,2025-12-22 05:11:00,Chennai,Web,16,10763.57,Yes,0
TXN101326,CUST1203,4550.1,Debit,Other,2025-06-03 11:55:00,Kochi,Mobile,11,30706.22,No,0
TXN101327,CUST1392,N/A,Credit,ATM,2025-09-23 18:56:00,Bengaluru,Mobile,10,8169.17,No,0
TXN101328,CUST1026,1549.61,Debit,Myntra,2025-09-05 01:39:00,Hyderabad,Web,4,22917.54,No,0
TXN101329,CUST1435,3037.08,Debit,Local Store,2025-07-13 07:15:00,Chennai,ATM,6,88770.51,No,0
TXN101330,CUST1173,N/A,Debit,Google,2025-09-13 06:10:00,Bengaluru,Mobile,8,17825.33,No,0
TXN101331,CUST1300,1997.41,Debit,Walmart,2025-07-06 02:26:00,Pune,Mobile,4,17685.86,No,0
TXN101332,CUST1133,11851.19,Debit,Flipkart,2025-11-13 21:31:00,Mumbai,Mobile,11,32676.62,No,0
TXN101333,CUST1326,350.65,Debit,Google,2025-09-27 08:41:00,Dubai,Web,12,34082.74,No,0
TXN101334,CUST1410,1769.84,Debit,Google,2025-08-02 23:12:00,Mumbai,Web,3,37623.62,No,0
TXN101335,CUST1118,400.29,Debit,Amazon,2025-04-17 07:17:00,Bengaluru,ATM,8,16378.35,No,0
TXN101336,CUST1324,586.92,Debit,Zomato,2025-02-07 21:35:00,Hyderabad,Mobile,10,18938.74,No,0
TXN101337,CUST1275,681.54,Debit,Local Store,2025-11-26 03:18:00,Pune,Web,8,31295.91,No,0
TXN101338,CUST1212,1707.62,Debit,Apple,2025-10-18 20:15:00,Delhi,Mobile,3,62172.19,No,0
TXN101339,CUST1225,8317.96,Debit,Walmart,2025-11-30 21:28:00,Dubai,Mobile,7,17193.22,No,0
TXN101340,CUST1020,603.62,Debit,ATM,2025-06-13 12:29:00,Delhi,Web,9,25646.79,Yes,0
TXN101341,CUST1113,3007.07,Debit,Google,2025-03-27 11:46:00,Mumbai,Mobile,14,6963.69,No,0
TXN101342,CUST1140,445.06,Debit,Flipkart,2025-11-21 21:15:00,Pune,Mobile,9,21435.38,No,0
TXN101343,CUST1047,706.7,Debit,Zomato,2025-07-28 16:06:00,London,Web,15,34585.18,No,0
TXN101344,CUST1001,4075.61,Credit,Amazon,2025-01-02 13:37:00,Hyderabad,Mobile,9,57114.05,Yes,0
TXN101345,CUST1090,2855.1,Credit,Uber,2025-07-21 01:08:00,Bengaluru,Mobile,8,16487.55,No,0
TXN101346,CUST1142,726.45,Credit,Walmart,2025-03-19 13:55:00,Delhi,Mobile,5,33818.75,No,0
TXN101347,CUST1320,598.49,Debit,Uber,2025-01-19 12:14:00,Mumbai,Web,7,36450.88,No,0
TXN101348,CUST1038,1752.08,Credit,Myntra,2025-08-27 14:07:00,London,ATM,9,7754.09,No,0
TXN101349,CUST1293,570.17,Debit,Google,2025-07-22 09:44:00,Mumbai,Mobile,9,11582.0,No,0
TXN101350,CUST1382,678.64,Debit,Swiggy,2025-12-06 12:26:00,Chennai,Web,10,43339.63,No,0
TXN101351,CUST1139,734.03,Debit,Walmart,2025-03-24 08:21:00,London,Mobile,3,31113.15,No,0
TXN101352,CUST1356,917.55,Credit,Apple,2025-03-30 20:07:00,Kochi,Mobile,5,31927.43,No,0
TXN101353,CUST1333,611.97,Debit,Zomato,2025-01-25 03:33:00,Bengaluru,Mobile,10,14806.54,No,0
TXN101354,CUST1491,213.86,Debit,Flipkart,2025-10-20 08:03:00,Dubai,ATM,16,10036.35,No,0
TXN101355,CUST1259,5177.67,Credit,Walmart,2025-08-24 02:20:00,Hyderabad,Mobile,7,42577.26,No,0
TXN101356,CUST1161,2492.21,Credit,Apple,2025-12-15 07:50:00,Hyderabad,Web,8,33706.4,No,0
TXN101357,CUST1390,1004.95,Debit,Local Store,2025-09-14 19:56:00,Dubai,Mobile,10,6936.67,No,0
TXN101358,CUST1178,523.98,Debit,Uber,2025-05-30 03:24:00,Delhi,ATM,2,27608.32,No,0
TXN101359,CUST1010,3651.88,Debit,Local Store,2025-03-26 19:18:00,Chennai,Web,11,113067.82,No,0
TXN101360,CUST1261,1750.39,Debit,Zomato,2025-08-03 22:41:00,Hyderabad,Web,13,46621.06,No,0
TXN101361,CUST1407,573.23,Debit,Amazon,2025-04-18 09:06:00,Pune,ATM,7,15190.87,No,0
TXN101362,CUST1138,1821.65,Debit,Google,2025-06-20 15:39:00,Bengaluru,Web,4,33695.85,No,0
TXN101363,CUST1172,1188.83,Credit,Walmart,2025-11-29 04:36:00,Delhi,Web,6,25480.26,Yes,0
TXN101364,CUST1386,1254.27,Debit,Swiggy,2025-07-13 19:07:00,Kolkata,Mobile,10,102208.47,No,0
TXN101365,CUST1013,2596.66,Debit,Uber,2025-08-04 02:15:00,Hyderabad,Mobile,9,12782.79,No,0
TXN101366,CUST1168,1809.92,Debit,Uber,2025-08-08 18:40:00,Kolkata,Web,10,78797.54,No,0
TXN101367,CUST1130,2575.79,Debit,Walmart,2025-08-22 11:47:00,Dubai,Mobile,7,12146.09,No,0
TXN101368,CUST1084,6855.69,Debit,Myntra,2025-06-17 06:51:00,Mumbai,Mobile,9,38192.06,No,0
TXN101369,CUST1321,1965.71,Debit,Local Store,2025-04-24 22:34:00,Mumbai,Mobile,6,48234.59,No,0
TXN101370,CUST1319,11515.0,Debit,Uber,2025-11-25 16:34:00,Bengaluru,Mobile,8,70642.32,No,0
TXN101371,CUST1101,3620.08,Debit,Apple,2025-12-20 18:52:00,Delhi,Web,5,52905.19,No,0
TXN101372,CUST1329,857.7,Debit,Flipkart,2025-07-20 13:36:00,Dubai,Mobile,11,9478.52,No,0
TXN101373,CUST1273,241.31,Credit,Google,2025-04-09 04:05:00,Hyderabad,ATM,8,29758.39,No,1
TXN101374,CUST1265,3656.38,Credit,Uber,2025-11-08 20:36:00,Mumbai,ATM,9,43626.05,No,0
TXN101375,CUST1459,301.32,Debit,Apple,2025-02-13 09:47:00,Mumbai,ATM,5,67153.76,No,0
TXN101376,CUST1399,1280.81,Debit,Zomato,2025-02-09 16:14:00,Delhi,Mobile,7,12734.83,No,0
TXN101377,CUST1408,2258.51,Debit,Zomato,2025-04-03 11:32:00,Bengaluru,Mobile,11,14700.94,No,0
TXN101378,CUST1038,375.09,Credit,Google,2025-06-17 12:25:00,Kochi,ATM,8,9920.45,Yes,0
TXN101379,CUST1419,584.16,Debit,Myntra,2025-05-15 01:49:00,Hyderabad,ATM,8,29724.7,Yes,0
TXN101380,CUST1094,378.4,Credit,ATM,2025-05-01 20:37:00,Pune,Web,7,36419.63,No,0
TXN101381,CUST1095,8644.26,Debit,ATM,2025-10-28 16:35:00,Delhi,Mobile,15,38789.19,No,0
TXN101382,CUST1305,2285.71,Credit,Swiggy,2025-12-11 10:53:00,Delhi,Mobile,14,24357.66,No,0
TXN101383,CUST1069,531.87,Credit,Google,2025-07-24 04:25:00,Bengaluru,Web,13,27314.56,No,0
TXN101384,CUST1318,235.06,Credit,Amazon,2025-12-14 06:58:00,Pune,Mobile,8,27474.76,Yes,0
TXN101385,CUST1444,458.66,Debit,Myntra,2025-06-29 00:43:00,Bengaluru,Web,11,24973.04,Yes,0
TXN101386,CUST1236,585.1,Debit,Uber,2025-08-08 15:15:00,Chennai,Web,9,7507.28,No,0
TXN101387,CUST1434,629.59,Debit,ATM,2025-01-09 21:48:00,Delhi,Web,11,14509.48,No,0
TXN101388,CUST1334,2420.9,Debit,Google,2025-12-25 21:55:00,Pune,Mobile,8,44500.32,No,0
TXN101389,CUST1373,267.51,Debit,ATM,2025-06-05 04:21:00,Chennai,Web,6,21302.85,No,0
TXN101390,CUST1376,3252.98,Debit,Other,2025-11-01 05:20:00,Chennai,ATM,6,20422.13,No,0
TXN101391,CUST1459,180.09,Debit,Local Store,2025-10-15 04:03:00,Kochi,Web,16,76858.85,No,0
TXN101392,CUST1137,1017.4,Debit,Zomato,2025-09-11 05:42:00,Kochi,Web,5,66602.24,No,0
TXN101393,CUST1418,546.68,Debit,Other,2025-07-15 15:55:00,Bengaluru,Web,7,17191.78,No,0
TXN101394,CUST1076,2964.91,Debit,Apple,2025-08-23 23:44:00,Delhi,Web,7,90974.75,No,0
TXN101395,CUST1483,4630.61,Credit,Google,2025-06-16 11:19:00,Mumbai,Web,11,25675.18,No,0
TXN101396,CUST1035,2462.12,Debit,Local Store,2025-07-04 17:30:00,Kolkata,Mobile,7,54173.41,No,0
TXN101397,CUST1001,1707.17,Debit,Myntra,2025-11-01 03:00:00,Kochi,Mobile,10,28971.65,Yes,0
TXN101398,CUST1296,838.3,Debit,Amazon,2025-02-05 16:14:00,Chennai,Mobile,5,18400.62,No,0
TXN101399,CUST1320,4193.43,Credit,Apple,2025-03-21 10:37:00,Pune,Mobile,14,54252.08,No,0
TXN101400,CUST1406,403.17,Debit,Flipkart,2025-06-22 14:32:00,Mumbai,Mobile,5,15114.12,No,0
TXN101401,CUST1060,1714.95,Debit,ATM,2025-09-26 13:21:00,Delhi,Mobile,4,26424.78,Yes,0
TXN101402,CUST1320,3244.15,Debit,Amazon,2025-10-21 23:32:00,Kolkata,ATM,8,29669.05,No,0
TXN101403,CUST1349,2741.17,Debit,Uber,2025-07-23 04:15:00,Dubai,Mobile,15,22268.75,No,0
TXN101404,CUST1328,1860.82,Debit,Other,2025-10-13 12:04:00,Chennai,Mobile,8,10723.81,No,0
TXN101405,CUST1267,1810.89,Credit,Local Store,2025-01-21 08:56:00,Chennai,Mobile,11,43476.03,No,0
TXN101406,CUST1361,2676.35,Credit,Google,2025-02-08 10:30:00,Bengaluru,Web,8,59307.71,No,0
TXN101407,CUST1229,960.19,Debit,ATM,2025-12-21 11:50:00,London,Mobile,4,33629.23,No,0
TXN101408,CUST1270,4567.4,Debit,Other,2025-02-12 12:40:00,Pune,Mobile,7,16805.51,No,0
TXN101409,CUST1316,8578.24,Debit,Other,2025-10-05 08:11:00,Delhi,Mobile,5,151105.06,No,0
TXN101410,CUST1286,172.69,Debit,Google,2025-05-06 19:56:00,Chennai,Web,11,25001.38,No,0
TXN101411,CUST1291,739.57,Debit,Walmart,2025-08-07 18:14:00,Dubai,ATM,9,24682.59,No,0
TXN101412,CUST1213,359.34,Debit,Zomato,2025-11-09 08:03:00,Kochi,ATM,10,3314.59,No,0
TXN101413,CUST1165,571.04,Credit,Uber,2025-05-09 05:06:00,Kolkata,Mobile,6,11722.46,No,0
TXN101414,CUST1005,1241.22,Credit,Local Store,2025-09-21 05:19:00,Hyderabad,Web,13,70996.73,No,0
TXN101415,CUST1339,1756.39,Debit,Google,2025-11-03 06:48:00,Chennai,Web,11,351400.63,No,0
TXN101416,CUST1379,929.69,Debit,Flipkart,2025-07-09 21:32:00,Delhi,Mobile,3,77992.93,No,0
TXN101417,CUST1078,2070.76,Debit,Apple,2025-06-17 06:13:00,Pune,Mobile,14,13609.25,No,0
TXN101418,CUST1410,524.98,Debit,Uber,2025-05-03 17:43:00,Chennai,Mobile,9,42491.86,Yes,0
TXN101419,CUST1062,731.59,Debit,Myntra,2025-03-04 17:06:00,Kolkata,Web,8,22210.94,No,0
TXN101420,CUST1132,2092.14,Debit,Flipkart,2025-03-06 10:09:00,Hyderabad,Mobile,10,22725.95,Yes,0
TXN101421,CUST1089,787.84,Credit,Apple,2025-03-02 14:25:00,Pune,Mobile,3,11199.28,Yes,0
TXN101422,CUST1237,302.16,Credit,ATM,2025-02-06 09:48:00,Delhi,Mobile,8,43897.56,No,0
TXN101423,CUST1042,10216.4,Debit,Swiggy,2025-02-04 01:47:00,Chennai,Mobile,5,11482.5,No,0
TXN101424,CUST1089,2802.36,Debit,Zomato,2025-03-19 22:17:00,Delhi,Web,8,5294.63,No,0
TXN101425,CUST1402,1290.86,Debit,ATM,2025-10-18 09:44:00,Mumbai,Web,10,21872.53,No,0
TXN101426,CUST1296,2676.63,Debit,Uber,2025-04-10 07:00:00,Bengaluru,Web,1,4361.39,No,0
TXN101427,CUST1328,1664.58,Debit,Local Store,2025-12-15 20:47:00,Kochi,Mobile,6,16219.61,No,0
TXN101428,CUST1295,224.04,Debit,Amazon,2025-08-22 22:11:00,Chennai,Mobile,10,46616.81,No,0
TXN101429,CUST1104,1278.21,Debit,Apple,2025-05-26 08:49:00,Hyderabad,Mobile,7,69482.53,No,0
TXN101430,CUST1014,531.98,Debit,Myntra,2025-06-28 17:14:00,Chennai,ATM,8,47964.15,No,0
TXN101431,CUST1288,1227.71,Credit,Google,2025-12-30 11:26:00,Chennai,ATM,7,25007.44,No,0
TXN101432,CUST1179,1643.14,Debit,Amazon,2025-02-12 12:15:00,Hyderabad,Web,11,19769.83,No,0
TXN101433,CUST1125,2841.57,Debit,ATM,2025-08-05 08:53:00,Chennai,Mobile,9,14839.98,Yes,0
TXN101434,CUST1422,409.2,Debit,Flipkart,2025-04-28 17:30:00,Delhi,Mobile,4,90653.38,No,0
TXN101435,CUST1353,424.48,Debit,Zomato,2025-05-04 02:01:00,Chennai,Mobile,9,11567.45,No,0
TXN101436,CUST1023,682.54,Debit,ATM,2025-04-07 08:11:00,Pune,ATM,5,32636.32,No,0
TXN101437,CUST1063,4741.87,Credit,Local Store,2025-11-12 03:50:00,Chennai,Web,11,46403.78,Yes,0
TXN101438,CUST1143,762.45,Credit,ATM,2025-08-24 16:24:00,Chennai,ATM,6,6707.54,No,0
TXN101439,CUST1481,1872.28,Debit,Amazon,2025-10-23 20:09:00,Hyderabad,Web,11,4858.51,No,0
TXN101440,CUST1153,1037.06,Debit,Myntra,2025-03-20 22:48:00,Dubai,Mobile,10,46325.67,Yes,0
TXN101441,CUST1145,738.59,Debit,Apple,2025-08-03 07:37:00,Kolkata,Mobile,5,9983.36,No,0
TXN101442,CUST1225,1254.43,Debit,Local Store,2025-12-07 20:34:00,Pune,Mobile,3,37502.43,Yes,0
TXN101443,CUST1495,2420.79,Credit,Swiggy,2025-09-22 07:16:00,Chennai,Mobile,7,15418.02,No,0
TXN101444,CUST1450,2151.29,Debit,Google,2025-07-06 21:50:00,Kochi,Mobile,9,36341.25,No,0
TXN101445,CUST1462,327.41,Debit,ATM,2025-06-23 02:03:00,Chennai,Web,9,40230.7,No,0
TXN101446,CUST1309,1533.08,Debit,ATM,2025-05-17 09:36:00,Bengaluru,Web,8,63178.97,No,0
TXN101447,CUST1104,5600.14,Debit,Zomato,2025-01-17 00:51:00,Delhi,Mobile,5,41451.82,No,0
TXN101448,CUST1104,1487.59,Credit,Amazon,2025-02-22 09:31:00,Hyderabad,Mobile,12,35185.42,No,0
TXN101449,CUST1435,3397.77,Debit,Zomato,2025-01-14 04:30:00,London,Mobile,8,109604.02,No,0
TXN101450,CUST1039,6250.8,Credit,Zomato,2025-09-02 17:34:00,Chennai,Web,10,14287.88,No,0
TXN101451,CUST1435,1292.04,Debit,Zomato,2025-06-23 23:41:00,London,Mobile,8,30923.74,Yes,0
TXN101452,CUST1198,1030.75,Credit,Apple,2025-09-15 05:36:00,Kolkata,Mobile,14,58854.67,No,0
TXN101453,CUST1134,1685.48,Debit,Zomato,2025-03-28 18:12:00,Delhi,ATM,7,4044.64,No,0
TXN101454,CUST1067,3973.01,Debit,Swiggy,2025-07-06 04:03:00,Chennai,Web,4,93310.82,No,0
TXN101455,CUST1391,935.31,Credit,ATM,2025-03-20 11:20:00,Bengaluru,Mobile,4,26248.08,No,0
TXN101456,CUST1179,348.39,Debit,Flipkart,2025-12-09 12:16:00,Dubai,Web,10,41016.7,No,0
TXN101457,CUST1456,1571.48,Debit,Myntra,2025-12-21 01:30:00,Hyderabad,Web,4,20539.59,No,0
TXN101458,CUST1042,2774.62,Debit,Local Store,2025-11-01 03:45:00,Kolkata,Web,7,41363.85,No,0
TXN101459,CUST1448,1635.33,Debit,Swiggy,2025-02-28 19:43:00,London,Mobile,9,36281.41,No,0
TXN101460,CUST1500,1700.86,Debit,Local Store,2025-12-10 20:44:00,Bengaluru,Mobile,6,12795.25,Yes,0
TXN101461,CUST1015,1055.16,Credit,Myntra,2025-10-16 02:01:00,Delhi,Web,9,21378.24,No,0
TXN101462,CUST1111,867.05,Debit,Flipkart,2025-07-20 20:20:00,Kolkata,Mobile,12,43353.41,No,0
TXN101463,CUST1157,3907.98,Debit,Uber,2025-06-25 21:57:00,Bengaluru,Web,8,89590.19,No,0
TXN101464,CUST1289,184.23,Credit,Local Store,2025-05-17 00:37:00,Chennai,ATM,6,22427.03,No,0
TXN101465,CUST1500,1201.91,Debit,Local Store,2025-08-29 18:29:00,Mumbai,ATM,10,11289.76,No,0
TXN101466,CUST1478,410.63,Credit,Flipkart,2025-12-01 12:45:00,Mumbai,Mobile,9,38749.88,No,0
TXN101467,CUST1231,1061.32,Credit,Amazon,2025-10-31 19:10:00,Pune,Mobile,11,23724.92,No,0
TXN101468,CUST1411,,Debit,Swiggy,2025-09-06 21:22:00,Chennai,Mobile,10,54279.81,No,0
TXN101469,CUST1420,1818.7,Debit,Other,2025-04-08 03:23:00,London,Web,9,16994.95,No,1
TXN101470,CUST1157,1263.7,Debit,Amazon,2025-04-18 21:04:00,Chennai,Mobile,7,10714.71,No,0
TXN101471,CUST1038,4405.32,Credit,Amazon,2025-11-20 01:46:00,Delhi,Mobile,7,96471.74,No,0
TXN101472,CUST1441,1218.77,Credit,Amazon,2025-03-17 00:42:00,Delhi,Mobile,10,20847.02,No,0
TXN101473,CUST1097,379.39,Debit,Zomato,2025-02-07 13:50:00,Chennai,Mobile,8,15074.3,No,0
TXN101474,CUST1485,3086.45,Debit,Google,2025-04-11 17:31:00,Chennai,Mobile,5,17801.47,No,0
TXN101475,CUST1411,1535.47,Debit,Local Store,2025-01-20 16:08:00,Kochi,Mobile,5,85626.63,No,0
TXN101476,CUST1439,420.02,Credit,ATM,2025-07-10 23:31:00,Dubai,Web,7,166035.05,No,1
TXN101477,CUST1289,2277.61,Debit,Other,2025-02-11 03:14:00,Hyderabad,Mobile,7,16444.48,No,0
TXN101478,CUST1254,627.48,Debit,Amazon,2025-06-07 17:35:00,Mumbai,Mobile,6,25691.6,No,0
TXN101479,CUST1196,2794.13,Debit,Swiggy,2025-08-23 23:25:00,Hyderabad,Web,11,37849.05,No,0
TXN101480,CUST1086,310.58,Credit,Google,2025-03-02 12:58:00,Chennai,Web,10,7351.48,No,0
TXN101481,CUST1322,967.74,Debit,Google,2025-06-14 06:42:00,Kolkata,Mobile,7,20269.97,No,0
TXN101482,CUST1010,1686.13,Debit,Amazon,2025-07-29 00:54:00,Kochi,Mobile,12,122706.65,No,0
TXN101483,CUST1005,377.4,Debit,Apple,2025-09-07 02:30:00,Hyderabad,Web,7,23295.71,No,0
TXN101484,CUST1123,1850.49,Debit,Amazon,2025-09-25 23:33:00,London,Mobile,8,76713.17,Yes,0
TXN101485,CUST1330,3080.35,Debit,Apple,2025-03-27 22:45:00,Chennai,Mobile,9,28259.44,No,0
TXN101486,CUST1353,894.64,Credit,Amazon,2025-09-26 18:25:00,Kolkata,Mobile,5,6027.51,No,0
TXN101487,CUST1118,1624.55,Debit,Other,2025-03-31 03:49:00,Mumbai,Mobile,10,62569.86,Yes,0
TXN101488,CUST1294,495.04,Debit,Swiggy,2025-05-17 23:07:00,Mumbai,Web,9,22897.55,No,0
TXN101489,CUST1397,19174.82,Debit,Apple,2025-12-08 22:42:00,Mumbai,ATM,13,87014.43,No,0
TXN101490,CUST1159,1103.48,Debit,Zomato,2025-06-30 17:00:00,Bengaluru,Web,6,34599.16,No,0
TXN101491,CUST1303,1527.28,Credit,Google,2025-10-20 12:17:00,Pune,Mobile,7,29874.66,No,0
TXN101492,CUST1228,838.85,Debit,Amazon,2025-07-25 16:48:00,Pune,Mobile,6,42331.47,No,0
TXN101493,CUST1365,566.46,Debit,Google,2025-02-17 12:31:00,Hyderabad,Web,8,39534.73,No,0
TXN101494,CUST1216,2876.76,Debit,,2025-02-08 17:05:00,Kochi,Mobile,12,8097.88,Yes,0
TXN101495,CUST1436,98.8,Debit,Local Store,2025-02-04 18:41:00,Hyderabad,Mobile,8,65883.69,No,0
TXN101496,CUST1184,176.99,Debit,Local Store,2025-05-31 03:24:00,Pune,Web,14,29006.36,No,0
TXN101497,CUST1015,1510.57,Debit,Walmart,2025-10-06 18:15:00,Chennai,ATM,4,30343.85,Yes,0
TXN101498,CUST1157,759.22,Debit,Amazon,2025-07-27 04:15:00,Bengaluru,Mobile,5,40685.06,No,1
TXN101499,CUST1136,2553.93,Debit,Walmart,2025-03-19 03:26:00,Hyderabad,Web,8,58576.36,No,0
TXN101500,CUST1261,653.3,Debit,Other,2025-11-13 20:45:00,Delhi,Mobile,8,65599.37,No,0
TXN101501,CUST1157,206.13,Debit,ATM,2025-10-16 00:38:00,Kolkata,Mobile,11,48990.72,Yes,0
TXN101502,CUST1047,1026.23,Credit,Flipkart,2025-10-22 19:28:00,Mumbai,Mobile,12,8026.25,No,0
TXN101503,CUST1324,838.84,Debit,Flipkart,2025-11-01 11:38:00,Chennai,Web,11,28191.65,No,0
TXN101504,CUST1332,371.49,Credit,Google,2025-12-14 01:57:00,Hyderabad,Web,6,14735.02,No,0
TXN101505,CUST1173,2407.33,Debit,Apple,2025-04-21 06:03:00,Kolkata,Web,8,34010.5,No,0
TXN101506,CUST1130,1567.05,Debit,Amazon,2025-01-16 16:41:00,Kolkata,Mobile,8,25616.23,No,0
TXN101507,CUST1411,409.18,Debit,Other,2025-10-13 13:56:00,Bengaluru,Mobile,10,136899.54,No,0
TXN101508,CUST1095,236.77,Debit,Myntra,2025-04-07 16:27:00,Chennai,Mobile,8,10695.53,Yes,0
TXN101509,CUST1115,1564.22,Debit,Amazon,2025-07-15 17:34:00,Pune,Mobile,6,29959.01,No,0
TXN101510,CUST1243,421.44,Credit,Amazon,2025-09-15 12:58:00,Chennai,Mobile,9,32365.69,No,0
TXN101511,CUST1420,420.14,Debit,Other,2025-04-15 22:14:00,Chennai,ATM,7,20956.05,No,0
TXN101512,CUST1292,983.32,Debit,Other,2025-10-31 05:59:00,Chennai,Web,6,29223.47,No,0
TXN101513,CUST1282,1149.98,Debit,Myntra,2025-12-16 01:28:00,Mumbai,Mobile,8,148178.85,Yes,0
TXN101514,CUST1299,1813.37,Debit,Flipkart,2025-11-29 16:43:00,Delhi,Mobile,5,39021.06,No,0
TXN101515,CUST1283,3155.68,Debit,Walmart,2025-08-29 02:20:00,Kolkata,Mobile,8,92391.52,No,0
TXN101516,CUST1069,689.7,Debit,ATM,2025-10-09 14:33:00,Hyderabad,Web,9,20900.51,No,0
TXN101517,CUST1148,1973.62,Credit,Google,2025-02-17 10:43:00,Pune,Web,10,53062.96,No,0
TXN101518,CUST1011,921.31,Credit,Flipkart,2025-07-18 14:00:00,Bengaluru,Web,7,16185.98,No,0
TXN101519,CUST1254,3558.05,Debit,Myntra,2025-10-14 17:58:00,Kochi,Mobile,9,15459.53,No,0
TXN101520,CUST1330,469.55,Debit,Amazon,2025-10-18 14:18:00,Delhi,Mobile,6,7815.68,No,0
TXN101521,CUST1360,1852.4,Credit,Flipkart,2025-02-08 18:41:00,Delhi,ATM,6,13366.29,No,0
TXN101522,CUST1038,479.58,Credit,Swiggy,2025-09-29 06:42:00,Bengaluru,ATM,11,31007.41,No,0
TXN101523,CUST1134,442.7,Debit,Local Store,2025-05-19 01:04:00,Chennai,Mobile,9,94799.93,No,0
TXN101524,CUST1200,694.75,Credit,Amazon,2025-03-16 08:56:00,Mumbai,Mobile,6,27246.1,No,0
TXN101525,CUST1023,134.0,Debit,ATM,2025-03-06 10:04:00,Delhi,Mobile,7,35387.74,No,0
TXN101526,CUST1303,2941.06,Credit,Uber,2025-11-07 06:30:00,Chennai,ATM,11,70210.11,No,0
TXN101527,CUST1346,458.07,Debit,Myntra,2025-12-08 18:28:00,London,Web,6,23324.82,Yes,0
TXN101528,CUST1302,691.76,Debit,Zomato,2025-09-13 17:06:00,London,Web,10,14298.54,Yes,0
TXN101529,CUST1363,416.86,Credit,Apple,2025-01-03 13:36:00,Delhi,Mobile,11,15574.69,No,0
TXN101530,CUST1396,2835.23,Debit,Zomato,2025-03-29 17:10:00,London,Mobile,8,68937.37,No,0
TXN101531,CUST1218,1432.38,Debit,Flipkart,2025-02-01 18:20:00,Bengaluru,Mobile,6,33136.76,No,0
TXN101532,CUST1141,1902.36,Debit,Amazon,2025-03-16 00:51:00,Chennai,ATM,11,33138.79,No,0
TXN101533,CUST1104,1299.59,Credit,Apple,2025-10-04 12:12:00,Chennai,Mobile,5,15237.05,Yes,0
TXN101534,CUST1446,1297.68,Credit,Apple,2025-11-22 15:47:00,Delhi,Web,7,81428.74,No,0
TXN101535,CUST1210,1528.73,Debit,Google,2025-11-27 10:28:00,Chennai,Mobile,13,118835.73,No,0
TXN101536,CUST1473,2833.4,Debit,Zomato,2025-08-17 07:45:00,London,ATM,11,33857.12,No,0
TXN101537,CUST1481,348.14,Credit,Other,2025-11-06 06:56:00,Chennai,Web,11,59197.08,No,0
TXN101538,CUST1111,619.72,Debit,Amazon,2025-03-20 02:52:00,Hyderabad,Mobile,7,18331.02,Yes,0
TXN101539,CUST1104,383.23,Debit,Google,2025-01-21 21:39:00,Kochi,ATM,5,77327.6,No,0
TXN101540,CUST1316,1998.04,Credit,Other,2025-10-21 20:57:00,Bengaluru,Mobile,5,45783.6,No,0
TXN101541,CUST1171,1704.9,Debit,Walmart,2025-07-08 11:20:00,Bengaluru,Mobile,7,11816.18,No,0
TXN101542,CUST1460,2248.71,Debit,ATM,2025-11-29 20:56:00,Kolkata,Mobile,6,41734.02,No,0
TXN101543,CUST1492,85.61,Debit,Zomato,2025-03-05 10:08:00,Bengaluru,ATM,9,41576.41,No,0
TXN101544,CUST1356,711.43,Debit,Local Store,2025-08-01 03:45:00,Bengaluru,ATM,9,34072.3,No,0
TXN101545,CUST1496,101.46,Credit,Local Store,2025-11-14 20:39:00,Bengaluru,Mobile,4,43537.34,Yes,0
TXN101546,CUST1324,7717.4,Debit,ATM,2025-01-24 23:40:00,Mumbai,Web,8,28706.76,No,0
TXN101547,CUST1133,1245.16,Debit,Other,2025-04-20 10:48:00,London,Web,6,25912.66,No,0
TXN101548,CUST1376,484.22,Debit,Google,2025-02-28 19:40:00,Kochi,Web,9,35857.41,No,0
TXN101549,CUST1293,970.43,Debit,ATM,2025-08-25 13:56:00,Hyderabad,Mobile,6,22873.0,No,0
TXN101550,CUST1328,1076.93,Debit,Walmart,2025-09-28 16:10:00,Hyderabad,Mobile,8,18290.47,No,0
TXN101551,CUST1127,7919.04,Credit,Swiggy,2025-10-03 01:27:00,Mumbai,Web,7,68376.6,No,0
TXN101552,CUST1106,904.73,Debit,Swiggy,2025-02-01 22:42:00,London,Mobile,17,19339.64,No,0
TXN101553,CUST1497,1320.27,Credit,Local Store,2025-02-04 14:12:00,Bengaluru,Mobile,5,26354.11,No,0
TXN101554,CUST1092,606.03,Debit,Uber,2025-10-16 18:42:00,Hyderabad,Web,5,20748.07,No,0
TXN101555,CUST1287,9040.77,Debit,Myntra,2025-06-29 02:26:00,Pune,Mobile,7,15478.88,No,0
TXN101556,CUST1378,5283.66,Debit,ATM,2025-03-17 15:46:00,London,ATM,14,,No,0
TXN101557,CUST1393,155.07,Credit,Myntra,2025-02-16 07:08:00,Chennai,Mobile,10,10089.53,No,0
TXN101558,CUST1051,2575.17,Credit,Uber,2025-03-10 18:03:00,Bengaluru,ATM,11,40052.95,No,0
TXN101559,CUST1029,1716.5,Debit,Google,2025-06-03 02:22:00,Bengaluru,Mobile,12,26954.45,No,0
TXN101560,CUST1462,504.79,Debit,ATM,2025-07-07 11:16:00,Chennai,Mobile,16,42575.63,No,0
TXN101561,CUST1296,406.15,Debit,Myntra,2025-02-12 22:44:00,Delhi,Mobile,6,26165.17,No,0
TXN101562,CUST1297,144.02,Credit,Myntra,2025-10-02 13:55:00,Kolkata,Web,7,43017.03,No,0
TXN101563,CUST1214,2085.42,Debit,Zomato,2025-02-21 19:21:00,Delhi,Web,5,36765.01,No,0
TXN101564,CUST1267,281.63,Credit,Zomato,2025-08-04 06:41:00,Chennai,Mobile,8,46233.97,No,0
TXN101565,CUST1407,1494.95,Credit,Uber,2025-09-27 05:39:00,Chennai,Mobile,11,109941.89,No,0
TXN101566,CUST1257,369.29,Debit,Amazon,2025-12-10 13:00:00,Bengaluru,Web,3,7330.89,No,0
TXN101567,CUST1302,331.86,Credit,ATM,2025-07-16 10:04:00,Hyderabad,Mobile,9,31601.08,No,0
TXN101568,CUST1101,1153.15,Debit,Walmart,2025-10-28 11:20:00,Pune,Web,7,14110.55,No,0
TXN101569,CUST1405,3829.99,Debit,Google,2025-05-01 10:23:00,Chennai,Mobile,10,17266.86,No,0
TXN101570,CUST1346,509.01,Debit,Zomato,2025-03-06 19:30:00,Chennai,Web,11,14558.25,No,0
TXN101571,CUST1110,1033.61,Debit,Zomato,2025-06-06 12:31:00,Mumbai,Web,10,23882.24,No,0
TXN101572,CUST1420,1215.46,Credit,Swiggy,2025-05-29 08:06:00,Mumbai,ATM,11,68983.68,No,0
TXN101573,CUST1182,1013.57,Debit,ATM,2025-10-10 16:45:00,Mumbai,Web,5,22394.39,No,0
TXN101574,CUST1471,1494.9,Debit,Walmart,2025-05-13 21:47:00,Kochi,Mobile,8,38539.16,No,0
TXN101575,CUST1313,1114.65,Debit,ATM,2025-06-17 10:53:00,Chennai,Mobile,11,58254.76,No,0
TXN101576,CUST1001,192.22,Debit,Swiggy,2025-12-05 03:04:00,Pune,Web,10,15697.88,No,0
TXN101577,CUST1319,4042.65,Debit,Amazon,2025-10-15 14:50:00,Hyderabad,Mobile,7,16346.55,No,0
TXN101578,CUST1438,1627.64,Debit,Walmart,2025-08-15 00:57:00,Hyderabad,ATM,15,29739.72,No,0
TXN101579,CUST1055,886.06,Debit,Myntra,2025-11-27 03:26:00,Dubai,Web,4,7697.56,No,1
TXN101580,CUST1371,403.63,Credit,Swiggy,2025-11-01 08:02:00,Bengaluru,Mobile,8,134177.64,No,0
TXN101581,CUST1424,761.18,Credit,Local Store,2025-09-10 00:36:00,Kolkata,Mobile,8,29858.78,No,0
TXN101582,CUST1399,2628.15,Debit,Google,2025-05-04 15:28:00,Bengaluru,Mobile,7,45237.84,No,0
TXN101583,CUST1149,289.77,Credit,Myntra,2025-09-03 14:06:00,Delhi,Mobile,8,25679.41,Yes,0
TXN101584,CUST1431,473.76,Debit,Walmart,2025-09-19 04:07:00,Pune,Mobile,10,47909.16,No,0
TXN101585,CUST1457,1006.85,Debit,Local Store,2025-09-16 07:54:00,Dubai,Mobile,4,26089.13,No,0
TXN101586,CUST1309,219.79,Debit,Amazon,2025-04-11 22:22:00,Kochi,,7,45194.68,No,0
TXN101587,CUST1137,415.42,Debit,Local Store,2025-02-13 08:33:00,Delhi,Mobile,12,78632.99,No,0
TXN101588,CUST1202,832.27,Debit,Zomato,2025-07-09 12:39:00,Bengaluru,Mobile,11,5701.0,No,0
TXN101589,CUST1436,94.5,Credit,Uber,2025-11-24 02:17:00,Kolkata,Mobile,8,49006.82,No,0
TXN101590,CUST1313,862.16,Debit,Local Store,2025-08-30 01:39:00,Pune,Mobile,12,19989.7,No,0
TXN101591,CUST1117,294.49,Debit,Apple,2025-04-13 14:25:00,Chennai,Web,5,12983.94,No,0
TXN101592,CUST1154,3579.68,Debit,Other,2025-04-06 14:46:00,Mumbai,Mobile,5,10070.32,No,0
TXN101593,CUST1425,629.89,Credit,Amazon,2025-01-06 03:35:00,Kochi,Mobile,8,31991.31,No,0
TXN101594,CUST1291,2294.76,Debit,Other,2025-10-31 13:00:00,Mumbai,Web,4,36735.08,No,0
TXN101595,CUST1063,1613.04,Debit,Myntra,2025-07-27 18:28:00,Hyderabad,ATM,10,18595.85,No,0
TXN101596,CUST1244,498.22,Debit,ATM,2025-04-28 02:16:00,Dubai,Mobile,12,11570.98,No,0
TXN101597,CUST1025,1559.16,Debit,Swiggy,2025-02-04 16:56:00,Chennai,Mobile,10,32402.98,No,0
TXN101598,CUST1090,6004.26,Debit,Flipkart,2025-10-23 11:08:00,Bengaluru,Mobile,13,31321.35,No,0
TXN101599,CUST1075,1152.43,Credit,Amazon,2025-07-04 16:56:00,Kolkata,Mobile,10,46675.84,No,0
TXN101600,CUST1294,768.9,Debit,Apple,2025-06-04 02:03:00,Hyderabad,ATM,6,49788.85,No,0
TXN101601,CUST1386,1604.56,Debit,Zomato,2025-05-27 21:09:00,Pune,Web,6,71213.21,No,0
TXN101602,CUST1391,1779.68,Debit,Swiggy,2025-12-12 02:45:00,Chennai,Web,8,49291.04,No,0
TXN101603,CUST1210,757.8,Credit,Google,2025-12-27 07:03:00,Bengaluru,Mobile,4,8741.74,No,0
TXN101604,CUST1475,60.08,Debit,ATM,2025-06-02 10:46:00,Chennai,Web,13,29526.32,No,0
TXN101605,CUST1418,449.89,Debit,ATM,2025-08-30 03:00:00,London,Mobile,8,62944.38,No,0
TXN101606,CUST1347,297.55,Credit,Flipkart,2025-01-27 18:58:00,Mumbai,Web,5,56164.74,No,0
TXN101607,CUST1017,1071.16,Debit,Local Store,2025-10-16 13:34:00,Hyderabad,Mobile,6,183928.59,Yes,0
TXN101608,CUST1128,3555.7,Debit,Other,2025-05-26 00:59:00,Chennai,Mobile,8,57922.88,No,0
TXN101609,CUST1427,1785.6,Debit,Apple,2025-03-19 09:15:00,Chennai,Mobile,6,10828.62,No,0
TXN101610,CUST1443,666.57,Debit,ATM,2025-04-16 05:38:00,Mumbai,Web,15,9089.33,No,0
TXN101611,CUST1364,1425.22,Debit,Local Store,2025-02-01 13:55:00,Chennai,Mobile,11,31006.86,Yes,0
TXN101612,CUST1251,1075.13,Debit,Google,2025-04-20 11:16:00,Delhi,Mobile,9,33295.47,No,0
TXN101613,CUST1179,1845.55,Debit,Amazon,2025-04-17 14:04:00,Mumbai,Mobile,12,19706.52,No,0
TXN101614,CUST1182,1951.14,Debit,Uber,2025-03-06 22:46:00,Pune,Mobile,6,52896.7,No,0
TXN101615,CUST1152,4032.81,Debit,Apple,2025-02-05 10:01:00,Kolkata,Web,12,4511.15,No,0
TXN101616,CUST1025,954.05,Debit,Walmart,2025-05-14 08:29:00,Mumbai,Web,6,20994.87,No,0
TXN101617,CUST1455,181.66,Debit,Myntra,2025-10-25 17:33:00,Bengaluru,Web,8,5365.87,No,0
TXN101618,CUST1180,291.47,Credit,Walmart,2025-12-02 01:28:00,Pune,Mobile,7,16915.7,No,0
TXN101619,CUST1198,1115.92,Debit,Uber,2025-09-30 14:53:00,Pune,Web,5,22915.76,No,0
TXN101620,CUST1344,838.1,Credit,Google,2025-06-01 02:23:00,Chennai,ATM,15,65410.18,No,0
TXN101621,CUST1161,2257.76,Debit,Walmart,2025-09-10 16:58:00,Dubai,Mobile,3,11892.34,No,0
TXN101622,CUST1177,3094.72,Debit,Zomato,2025-04-07 00:46:00,Chennai,Mobile,7,26836.19,Yes,0
TXN101623,CUST1285,1137.01,Debit,Apple,2025-06-07 18:29:00,Chennai,ATM,5,20070.93,No,0
TXN101624,CUST1063,314.24,Debit,Zomato,2025-03-29 19:59:00,Bengaluru,Mobile,5,27135.43,No,0
TXN101625,CUST1491,1923.6,Debit,Flipkart,2025-10-19 21:43:00,Dubai,Mobile,7,22224.15,Yes,0
TXN101626,CUST1150,1449.74,Debit,Uber,2025-04-05 14:13:00,Delhi,Mobile,4,24586.05,No,0
TXN101627,CUST1154,2068.84,Credit,Flipkart,2025-07-03 22:12:00,Pune,Mobile,11,18237.21,No,0
TXN101628,CUST1156,531.19,Debit,Flipkart,2025-08-11 01:19:00,Bengaluru,Mobile,6,39235.42,Yes,0
TXN101629,CUST1370,21607.09,Credit,Flipkart,2025-09-16 12:42:00,Mumbai,Mobile,4,67966.92,No,0
TXN101630,CUST1469,191.45,Debit,ATM,2025-07-08 23:58:00,Hyderabad,Web,9,30681.01,No,0
TXN101631,CUST1049,1204.08,Credit,Amazon,2025-10-03 08:09:00,Kochi,Mobile,6,134085.67,No,0
TXN101632,CUST1455,2240.87,Debit,ATM,2025-09-11 11:06:00,Chennai,Web,3,31536.76,No,0
TXN101633,CUST1337,2506.7,Debit,Amazon,2025-12-07 10:38:00,Bengaluru,Mobile,7,54422.94,No,0
TXN101634,CUST1084,1107.17,Credit,Uber,2025-02-24 05:17:00,Chennai,ATM,6,16817.75,No,0
TXN101635,CUST1361,2040.84,Debit,Other,2025-04-08 01:44:00,Kochi,ATM,3,27273.63,No,0
TXN101636,CUST1177,2710.94,Credit,Swiggy,2025-05-23 21:36:00,Mumbai,Web,9,23557.52,Yes,0
TXN101637,CUST1148,1221.58,Debit,ATM,2025-08-07 18:18:00,Mumbai,ATM,10,11884.73,No,0
TXN101638,CUST1118,1378.31,Debit,Walmart,2025-02-17 23:27:00,Mumbai,Web,10,16708.51,No,0
TXN101639,CUST1342,2082.32,Credit,Amazon,2025-08-25 21:02:00,London,ATM,8,38871.5,No,0
TXN101640,CUST1476,1120.35,Debit,ATM,2025-07-24 21:44:00,Kochi,Mobile,9,77880.64,No,0
TXN101641,CUST1063,4162.54,Debit,Local Store,2025-06-24 15:54:00,Pune,Mobile,5,45303.18,Yes,0
TXN101642,CUST1189,2973.48,Credit,Zomato,2025-04-09 17:40:00,Hyderabad,Web,3,38260.25,No,0
TXN101643,CUST1360,807.28,Debit,ATM,2025-10-30 17:28:00,Bengaluru,Mobile,12,15625.11,Yes,0
TXN101644,CUST1049,534.66,Debit,Amazon,2025-01-24 12:32:00,Dubai,Web,5,42793.27,No,0
TXN101645,CUST1327,2376.22,Debit,Google,2025-07-09 11:52:00,Mumbai,ATM,12,18501.56,No,0
TXN101646,CUST1257,1195.1,Debit,Flipkart,2025-09-06 02:06:00,Bengaluru,Mobile,8,12341.88,No,0
TXN101647,CUST1224,606.13,Credit,Amazon,2025-12-06 06:15:00,Mumbai,Web,3,15147.95,No,0
TXN101648,CUST1141,678.8,Debit,Other,2025-09-24 19:13:00,Dubai,Mobile,6,27172.46,No,1
TXN101649,CUST1478,2096.87,Debit,Uber,2025-03-01 13:34:00,Mumbai,Mobile,14,19831.55,No,0
TXN101650,CUST1215,688.85,Debit,Zomato,2025-09-27 19:18:00,Delhi,Mobile,12,36889.65,No,0
TXN101651,CUST1435,4655.71,Credit,Zomato,2025-05-18 20:42:00,Kochi,Mobile,9,22396.55,Yes,0
TXN101652,CUST1379,404.32,Debit,Swiggy,2025-06-03 00:37:00,Mumbai,Mobile,11,36621.34,No,0
TXN101653,CUST1440,664.46,Debit,ATM,2025-10-14 13:52:00,Bengaluru,Mobile,9,23545.71,Yes,0
TXN101654,CUST1211,432.57,Credit,Myntra,2025-02-15 19:02:00,London,Mobile,9,28671.4,No,0
TXN101655,CUST1318,324.09,Debit,ATM,2025-12-20 20:45:00,London,Web,14,14247.03,No,0
TXN101656,CUST1032,494.65,Debit,Myntra,2025-12-29 21:12:00,Kochi,Web,5,87240.26,No,0
TXN101657,CUST1158,659.45,Debit,Walmart,2025-10-14 20:49:00,Kolkata,Mobile,5,8752.18,No,0
TXN101658,CUST1285,720.66,Debit,Local Store,2025-08-29 09:44:00,Hyderabad,Mobile,9,192353.82,No,0
TXN101659,CUST1305,125.87,Debit,Apple,2025-02-13 01:41:00,Dubai,ATM,9,42419.72,No,0
TXN101660,CUST1429,332.46,Debit,Uber,2025-11-16 12:35:00,Bengaluru,Web,6,9209.42,No,0
TXN101661,CUST1477,1312.75,Credit,Google,2025-01-30 08:51:00,Kochi,Mobile,12,32023.45,No,0
TXN101662,CUST1286,543.27,Debit,Amazon,2025-10-25 09:56:00,Dubai,Mobile,5,35128.95,No,0
TXN101663,CUST1144,3106.68,Debit,Uber,2025-10-02 03:14:00,Delhi,Web,9,91077.63,No,0
TXN101664,CUST1424,861.27,Debit,Local Store,2025-07-30 21:04:00,Kochi,Web,7,10811.3,No,0
TXN101665,CUST1019,1983.06,Credit,Myntra,2025-01-18 19:55:00,Kochi,Mobile,13,10820.98,No,0
TXN101666,CUST1018,755.95,Credit,Uber,2025-07-02 03:58:00,Bengaluru,Web,10,38507.74,Yes,0
TXN101667,CUST1257,2739.3,Debit,Other,2025-03-06 01:48:00,Kolkata,Mobile,12,34371.15,No,0
TXN101668,CUST1078,106.31,Debit,Amazon,2025-07-26 08:22:00,Chennai,Web,15,89360.48,No,0
TXN101669,CUST1371,1220.04,Debit,Swiggy,2025-08-23 06:49:00,Delhi,Mobile,8,14064.08,No,0
TXN101670,CUST1175,5066.55,Credit,Walmart,2025-08-30 03:15:00,Bengaluru,Mobile,7,13224.92,No,0
TXN101671,CUST1498,255.41,Credit,Swiggy,2025-08-06 06:23:00,Mumbai,Mobile,6,120889.3,No,0
TXN101672,CUST1194,2326.86,Debit,Myntra,2025-04-01 04:47:00,Kochi,ATM,6,28733.67,No,0
TXN101673,CUST1476,1622.55,Debit,Flipkart,2025-07-25 14:23:00,London,Web,5,16998.96,No,0
TXN101674,CUST1113,263.09,Debit,ATM,2025-08-21 20:19:00,Hyderabad,Web,11,50478.57,No,0
TXN101675,CUST1114,1553.27,Debit,Myntra,2025-08-20 17:53:00,Delhi,Web,13,6386.09,No,0
TXN101676,CUST1222,1542.21,Debit,Walmart,2025-05-20 23:14:00,Delhi,Mobile,7,39486.52,No,0
TXN101677,CUST1166,1001.03,Debit,Amazon,2025-12-10 18:10:00,London,ATM,11,18509.54,Yes,0
TXN101678,CUST1435,3433.67,Debit,Other,2025-09-15 23:53:00,Mumbai,Mobile,9,20402.55,No,0
TXN101679,CUST1319,2989.97,Debit,Local Store,2025-05-07 01:17:00,Kolkata,Web,6,78552.83,No,0
TXN101680,CUST1132,2477.29,Credit,Apple,2025-02-18 19:45:00,Dubai,Mobile,10,41022.89,No,0
TXN101681,CUST1385,4454.92,Debit,Swiggy,2025-11-01 21:10:00,Hyderabad,Mobile,8,12761.48,Yes,0
TXN101682,CUST1264,486.95,Debit,Myntra,2025-11-25 10:43:00,Dubai,Mobile,5,30902.73,Yes,0
TXN101683,CUST1413,649.91,Debit,Local Store,2025-04-21 10:34:00,Dubai,Web,7,32459.57,No,0
TXN101684,CUST1055,567.38,Debit,Other,2025-11-29 00:28:00,Dubai,Web,8,24425.98,No,0
TXN101685,CUST1359,657.85,Debit,Swiggy,2025-05-11 00:56:00,Bengaluru,Web,9,14469.48,No,0
TXN101686,CUST1131,670.53,Credit,Myntra,2025-11-27 15:28:00,Mumbai,Mobile,11,35245.62,No,0
TXN101687,CUST1288,957.39,Credit,Walmart,2025-09-16 08:47:00,Dubai,ATM,9,50292.03,No,0
TXN101688,CUST1266,745.96,Debit,Swiggy,2025-10-01 08:05:00,Hyderabad,Mobile,8,41785.11,No,0
TXN101689,CUST1458,369.58,Debit,Myntra,2025-09-09 00:07:00,Delhi,Web,7,17420.02,No,0
TXN101690,CUST1467,2425.47,Credit,Amazon,2025-06-18 04:28:00,Chennai,Web,7,26414.75,No,0
TXN101691,CUST1366,456.83,Debit,Other,2025-09-19 03:27:00,Chennai,Mobile,8,5675.5,No,0
TXN101692,CUST1162,5294.32,Debit,Walmart,2025-06-14 22:21:00,Mumbai,Mobile,8,98593.35,No,0
TXN101693,CUST1380,2457.24,Credit,Local Store,2025-08-11 07:46:00,Delhi,Mobile,8,18935.25,No,0
TXN101694,CUST1481,337.59,Credit,Local Store,2025-07-26 17:15:00,Mumbai,Mobile,6,20128.0,No,0
TXN101695,CUST1087,1075.02,Credit,Apple,2025-07-03 01:45:00,Delhi,Mobile,5,11093.56,No,0
TXN101696,CUST1055,266.18,Credit,Uber,2025-05-20 02:59:00,Delhi,Mobile,3,56708.74,No,0
TXN101697,CUST1476,3921.32,Credit,Flipkart,2025-03-29 01:15:00,Kolkata,Mobile,7,64283.4,No,0
TXN101698,CUST1288,1102.19,Debit,Amazon,2025-01-20 07:18:00,Kolkata,Web,5,19393.99,No,0
TXN101699,CUST1178,1060.7,Debit,Walmart,2025-08-16 02:31:00,Mumbai,Web,10,12665.39,Yes,0
TXN101700,CUST1391,1367.84,Debit,Swiggy,2025-01-14 12:37:00,Mumbai,Mobile,5,30192.44,No,0
TXN101701,CUST1349,922.92,Debit,Local Store,2025-10-13 01:22:00,Chennai,Mobile,11,23225.08,Yes,0
TXN101702,CUST1008,567.42,Debit,ATM,2025-05-31 23:20:00,Delhi,Mobile,9,51960.3,No,0
TXN101703,CUST1321,996.03,Debit,Other,2025-05-31 17:40:00,Delhi,Mobile,7,26944.48,No,0
TXN101704,CUST1313,3844.1,Debit,Amazon,2025-09-28 19:19:00,Mumbai,Web,3,25542.75,Yes,0
TXN101705,CUST1247,628.55,Debit,Walmart,2025-12-21 23:41:00,Hyderabad,Mobile,9,49159.87,No,0
TXN101706,CUST1323,4419.93,Debit,Walmart,2025-12-19 15:51:00,Pune,Web,12,9118.0,Yes,0
TXN101707,CUST1472,683.98,Debit,Swiggy,2025-10-09 07:45:00,Chennai,Mobile,9,23542.17,No,0
TXN101708,CUST1471,1312.57,Debit,Walmart,2025-07-18 22:39:00,Dubai,Web,8,34342.21,No,0
TXN101709,CUST1443,7793.72,Credit,Google,2025-08-31 04:34:00,Chennai,Mobile,11,21572.12,No,0
TXN101710,CUST1255,1928.52,Debit,Amazon,2025-07-09 23:46:00,London,Web,5,36700.46,No,0
TXN101711,CUST1328,1562.36,Debit,Myntra,2025-08-21 14:51:00,Mumbai,ATM,5,35108.65,No,0
TXN101712,CUST1054,2108.16,Debit,Local Store,2025-04-02 02:24:00,Mumbai,Web,7,57487.63,Yes,0
TXN101713,CUST1249,2977.45,Debit,Local Store,2025-03-02 10:51:00,Bengaluru,Web,8,24203.08,No,0
TXN101714,CUST1239,474.96,Debit,Myntra,2025-04-15 14:53:00,Chennai,Mobile,7,6473.45,No,0
TXN101715,CUST1229,1805.0,Debit,Amazon,2025-06-20 08:20:00,Bengaluru,ATM,8,9314.28,No,0
TXN101716,CUST1067,1419.38,Debit,Flipkart,2025-03-05 21:56:00,Chennai,Mobile,9,42094.66,No,0
TXN101717,CUST1051,125.66,Credit,ATM,2025-04-13 11:55:00,Kolkata,Mobile,7,34066.5,No,0
TXN101718,CUST1097,1405.09,Debit,,2025-07-15 14:56:00,Hyderabad,Mobile,8,25099.38,No,0
TXN101719,CUST1092,407.43,Debit,Zomato,2025-12-25 18:12:00,Pune,ATM,8,26503.45,No,0
TXN101720,CUST1495,1227.22,Debit,Walmart,2025-04-09 12:40:00,Bengaluru,ATM,12,18287.49,No,0
TXN101721,CUST1264,2934.5,Debit,Uber,2025-06-13 11:39:00,Dubai,ATM,8,18335.04,No,0
TXN101722,CUST1418,430.92,Debit,Swiggy,2025-04-18 10:12:00,Delhi,Web,8,19726.44,No,0
TXN101723,CUST1291,973.84,Debit,Google,2025-07-02 15:51:00,Chennai,Mobile,8,24114.51,No,0
TXN101724,CUST1096,716.39,Debit,Uber,2025-07-24 03:06:00,Mumbai,ATM,12,32582.1,No,0
TXN101725,CUST1088,3432.74,Debit,Myntra,2025-12-06 10:05:00,Bengaluru,ATM,8,28072.49,No,0
TXN101726,CUST1078,632.79,Debit,Swiggy,2025-06-01 06:13:00,Bengaluru,Mobile,11,23257.25,No,0
TXN101727,CUST1288,1362.61,Debit,Swiggy,2025-09-25 06:50:00,Delhi,Mobile,11,50100.17,No,0
TXN101728,CUST1120,2061.88,Debit,ATM,2025-08-25 01:33:00,Kolkata,Web,3,57056.99,No,0
TXN101729,CUST1302,2344.2,Credit,Swiggy,2025-10-06 12:22:00,Dubai,ATM,15,81148.46,No,0
TXN101730,CUST1491,416.18,Debit,Local Store,2025-12-02 22:59:00,Delhi,ATM,9,25812.64,No,0
TXN101731,CUST1400,850.33,Debit,Google,2025-12-12 19:12:00,London,ATM,9,20123.1,No,0
TXN101732,CUST1452,5439.37,Debit,Local Store,2025-10-03 16:21:00,London,ATM,6,28346.71,No,0
TXN101733,CUST1500,1079.72,Debit,Walmart,2025-09-21 09:10:00,Kochi,ATM,9,19703.86,No,0
TXN101734,CUST1165,3072.99,Credit,Zomato,2025-02-22 06:37:00,Mumbai,Web,8,29381.02,No,0
TXN101735,CUST1182,8586.83,Debit,Apple,2025-12-27 19:30:00,Chennai,Web,8,40346.69,No,0
TXN101736,CUST1469,1025.0,Credit,ATM,2025-12-02 17:35:00,Bengaluru,Mobile,7,32204.88,No,0
TXN101737,CUST1398,2517.87,Debit,Google,2025-03-26 22:52:00,Kolkata,Web,10,26341.01,No,0
TXN101738,CUST1223,2846.12,Credit,Uber,2025-06-12 15:51:00,Mumbai,Mobile,9,48001.66,No,0
TXN101739,CUST1311,281.88,Debit,Other,2025-03-03 21:16:00,Chennai,ATM,8,104541.68,No,0
TXN101740,CUST1432,1639.07,Credit,Walmart,2025-06-24 18:31:00,Mumbai,Mobile,10,17487.56,No,0
TXN101741,CUST1466,4930.93,Debit,Amazon,2025-11-26 02:38:00,Chennai,Mobile,5,38205.29,No,0
TXN101742,CUST1007,226.34,Debit,Myntra,2025-01-19 01:11:00,Pune,Mobile,3,25771.41,Yes,0
TXN101743,CUST1330,978.51,Debit,Zomato,2025-12-24 03:05:00,Chennai,Web,8,15788.94,No,0
TXN101744,CUST1263,1229.73,Debit,Walmart,2025-06-09 10:17:00,Kolkata,Mobile,8,17331.87,No,0
TXN101745,CUST1161,992.87,Credit,Amazon,2025-10-08 09:37:00,Kochi,Mobile,5,21920.26,No,0
TXN101746,CUST1151,897.03,Debit,Zomato,2025-03-08 08:36:00,Chennai,Mobile,9,96755.17,No,0
TXN101747,CUST1085,361.11,Debit,Amazon,2025-04-20 00:29:00,Delhi,Mobile,7,60770.61,No,0
TXN101748,CUST1147,1612.24,Debit,Google,2025-08-14 04:24:00,Pune,Mobile,12,15215.28,No,0
TXN101749,CUST1112,520.3,Debit,ATM,2025-10-02 10:44:00,Bengaluru,Mobile,9,44731.52,No,0
TXN101750,CUST1381,533.57,Debit,Other,2025-12-19 01:21:00,Bengaluru,Mobile,9,14355.69,No,0
TXN101751,CUST1403,166.14,Debit,Amazon,2025-12-28 12:56:00,Hyderabad,Mobile,5,18587.92,No,0
TXN101752,CUST1036,263.96,Debit,Zomato,2025-10-10 23:12:00,Delhi,Mobile,12,79597.96,No,0
TXN101753,CUST1285,4807.63,Credit,Amazon,2025-09-22 07:54:00,Delhi,Mobile,6,131606.13,Yes,0
TXN101754,CUST1188,1185.15,Debit,Other,2025-07-21 15:34:00,Chennai,ATM,14,7185.54,No,0
TXN101755,CUST1082,2297.52,Debit,Uber,2025-12-13 07:22:00,Mumbai,Mobile,7,30426.63,No,0
TXN101756,CUST1002,451.48,Credit,Walmart,2025-02-11 12:18:00,Bengaluru,Mobile,6,40365.22,Yes,0
TXN101757,CUST1385,156.91,Debit,Zomato,2025-02-01 19:53:00,Kochi,Mobile,9,24199.55,No,0
TXN101758,CUST1303,568.58,Debit,Uber,2025-09-12 05:21:00,Hyderabad,Mobile,12,33039.5,No,0
TXN101759,CUST1197,161.68,Debit,Amazon,2025-11-19 13:47:00,Kochi,Mobile,5,21934.0,No,0
TXN101760,CUST1404,544.32,Debit,Amazon,2025-05-17 08:55:00,Mumbai,Mobile,8,47598.2,No,0
TXN101761,CUST1011,3465.36,Debit,Swiggy,2025-02-23 00:41:00,Pune,Web,8,23010.23,No,0
TXN101762,CUST1234,993.56,Credit,Zomato,2025-09-01 07:33:00,Delhi,Web,4,45228.03,No,0
TXN101763,CUST1386,4670.38,Debit,Google,2025-04-04 21:09:00,Kolkata,Mobile,7,62258.8,No,0
TXN101764,CUST1195,1939.53,Debit,Amazon,2025-12-29 14:34:00,Mumbai,Web,10,56031.06,Yes,0
TXN101765,CUST1471,3185.39,Credit,Myntra,2025-08-13 04:54:00,Pune,Mobile,11,25900.2,No,0
TXN101766,CUST1119,859.76,Credit,Local Store,2025-01-22 11:49:00,Mumbai,ATM,7,5471.61,No,0
TXN101767,CUST1396,272.64,Debit,Apple,2025-03-19 11:01:00,Mumbai,Mobile,14,42933.28,No,0
TXN101768,CUST1020,397.11,Debit,Local Store,2025-02-12 22:42:00,Delhi,Web,6,10054.22,No,0
TXN101769,CUST1261,3734.5,Debit,Google,2025-12-05 21:39:00,Kochi,Mobile,4,42055.97,No,0
TXN101770,CUST1293,1311.14,Credit,Walmart,2025-06-11 18:10:00,Kolkata,ATM,10,39617.26,No,0
TXN101771,CUST1422,277.38,Credit,ATM,2025-07-20 18:54:00,Hyderabad,Mobile,3,25451.64,No,0
TXN101772,CUST1256,2099.48,Debit,Flipkart,2025-07-22 22:53:00,Kolkata,Mobile,8,31260.69,No,0
TXN101773,CUST1222,230.86,Debit,Myntra,2025-04-01 12:36:00,Kolkata,Web,4,88529.96,No,0
TXN101774,CUST1393,1738.64,Debit,Flipkart,2025-01-03 16:09:00,Dubai,Mobile,11,78556.3,No,0
TXN101775,CUST1226,846.63,Credit,Amazon,2025-01-09 14:00:00,Kochi,Web,12,22844.1,No,0
TXN101776,CUST1053,2184.82,Debit,Other,2025-09-17 04:16:00,Kolkata,Web,5,7206.72,No,0
TXN101777,CUST1428,842.12,Debit,Walmart,2025-07-01 13:25:00,Hyderabad,Mobile,5,96587.92,No,0
TXN101778,CUST1355,2264.64,Credit,Uber,2025-12-29 06:18:00,Pune,Mobile,5,9104.26,No,0
TXN101779,CUST1500,237.24,Debit,Amazon,2025-10-26 17:39:00,Delhi,Mobile,7,31837.62,No,0
TXN101780,CUST1342,1531.85,Debit,Flipkart,2025-02-07 17:30:00,London,Web,11,28140.08,No,0
TXN101781,CUST1364,703.47,Debit,Amazon,2025-02-05 21:47:00,Bengaluru,Mobile,5,41213.19,No,0
TXN101782,CUST1280,1593.24,Debit,Apple,2025-07-15 00:33:00,Chennai,Mobile,9,78785.17,No,0
TXN101783,CUST1081,806.25,Debit,Swiggy,2025-01-29 01:07:00,Chennai,ATM,7,31115.25,No,0
TXN101784,CUST1202,448.35,Debit,Apple,2025-11-25 12:08:00,Kolkata,Mobile,7,20362.58,No,0
TXN101785,CUST1158,987.42,Debit,Walmart,2025-05-10 14:33:00,Dubai,ATM,5,36808.44,No,0
TXN101786,CUST1120,3780.51,Credit,Other,2025-10-03 03:30:00,Chennai,Web,10,10697.17,No,0
TXN101787,CUST1059,599.59,Debit,Uber,2025-09-27 10:28:00,Pune,Mobile,11,17800.22,Yes,0
TXN101788,CUST1494,1339.22,Debit,Apple,2025-09-09 04:39:00,Kolkata,Mobile,7,25369.77,No,0
TXN101789,CUST1215,559.21,Debit,Zomato,2025-02-28 14:21:00,Pune,Web,13,44681.27,No,0
TXN101790,CUST1128,153.79,Credit,Uber,2025-05-15 17:04:00,Hyderabad,Mobile,12,84101.77,No,0
TXN101791,CUST1224,1182.13,Credit,Other,2025-02-11 20:32:00,Kochi,Mobile,8,66900.28,No,0
TXN101792,CUST1209,53711.21,Debit,Flipkart,2025-12-11 09:16:00,Chennai,Mobile,6,59306.64,No,0
TXN101793,CUST1370,287.99,Debit,Apple,2025-06-25 18:11:00,Pune,Web,10,67445.59,No,0
TXN101794,CUST1115,2859.9,Debit,Swiggy,2025-07-03 09:04:00,Bengaluru,Web,8,46251.54,No,0
TXN101795,CUST1209,102.4,Debit,Uber,2025-03-15 16:41:00,Mumbai,Mobile,12,31512.51,No,0
TXN101796,CUST1014,1037.71,Debit,Amazon,2025-11-23 16:35:00,Kochi,Mobile,10,14043.7,No,0
TXN101797,CUST1009,272.4,Credit,Swiggy,2025-07-03 11:57:00,Bengaluru,Web,8,30450.41,No,0
TXN101798,CUST1040,1690.1,Credit,Amazon,2025-07-11 00:09:00,Bengaluru,ATM,8,8674.44,No,0
TXN101799,CUST1450,631.27,Debit,Other,2025-10-17 23:27:00,Kolkata,Mobile,6,20099.56,No,0
TXN101800,CUST1237,608.88,Credit,Apple,2025-07-23 13:25:00,Delhi,Mobile,6,31214.97,No,0
TXN101801,CUST1281,353.3,Credit,Myntra,2025-09-15 21:04:00,Delhi,ATM,8,31093.49,No,0
TXN101802,CUST1359,127.81,Debit,Myntra,2025-02-27 03:29:00,Bengaluru,Web,5,18546.96,No,0
TXN101803,CUST1201,817.1,Debit,Flipkart,2025-10-14 20:50:00,Chennai,Web,5,8161.36,No,0
TXN101804,CUST1246,538.87,Credit,Swiggy,2025-10-06 09:30:00,Mumbai,ATM,4,19522.52,No,0
TXN101805,CUST1278,722.81,Debit,Amazon,2025-08-06 03:00:00,Chennai,Web,5,24554.85,No,0
TXN101806,CUST1235,778.89,Credit,Google,2025-06-30 04:40:00,Dubai,Mobile,2,34266.39,No,0
TXN101807,CUST1494,473.23,Credit,Swiggy,2025-12-05 22:27:00,Chennai,Web,6,49967.56,No,0
TXN101808,CUST1004,1235.03,Debit,Zomato,2025-08-19 02:36:00,Mumbai,Web,6,23603.3,No,0
TXN101809,CUST1154,881.62,Credit,Flipkart,2025-04-03 16:58:00,Chennai,ATM,8,22279.24,No,0
TXN101810,CUST1442,2503.68,Credit,Local Store,2025-06-26 09:44:00,Chennai,Mobile,5,18400.66,No,0
TXN101811,CUST1029,11840.62,Debit,Local Store,2025-03-04 12:09:00,Kolkata,Web,2,28205.24,No,0
TXN101812,CUST1109,1377.64,Debit,Amazon,2025-10-21 20:39:00,Kolkata,Web,11,59920.53,No,0
TXN101813,CUST1098,3317.33,Debit,Myntra,2025-02-01 02:56:00,Chennai,Mobile,9,13556.51,No,0
TXN101814,CUST1215,1243.19,Debit,Uber,2025-01-03 20:58:00,Chennai,Mobile,7,6825.85,No,0
TXN101815,CUST1293,1746.53,Debit,Zomato,2025-03-05 07:36:00,Chennai,ATM,9,34783.65,No,0
TXN101816,CUST1075,791.56,Debit,Local Store,2025-08-23 18:49:00,Pune,Mobile,8,71811.11,No,0
TXN101817,CUST1326,989.79,Debit,Amazon,2025-09-05 05:27:00,Delhi,Web,6,37406.67,No,0
TXN101818,CUST1146,495.14,Debit,Amazon,2025-06-03 20:32:00,Chennai,ATM,8,14135.28,No,0
TXN101819,CUST1128,4526.36,Debit,Apple,2025-01-31 09:24:00,Mumbai,Mobile,6,27475.83,No,0
TXN101820,CUST1341,2886.94,Credit,Myntra,2025-03-27 10:30:00,Pune,ATM,10,30997.32,No,0
TXN101821,CUST1042,1415.37,Credit,Swiggy,2025-08-08 18:22:00,Kochi,Web,14,50858.81,No,0
TXN101822,CUST1356,393.37,Debit,Uber,2025-09-12 06:22:00,Dubai,Mobile,9,15507.83,No,0
TXN101823,CUST1041,919.2,Credit,Apple,2025-02-11 18:08:00,Hyderabad,Mobile,6,96778.58,No,0
TXN101824,CUST1422,2885.5,Credit,Local Store,2025-06-02 04:08:00,Chennai,ATM,4,21814.22,No,0
TXN101825,CUST1034,12656.65,Debit,Uber,2025-06-12 04:20:00,Bengaluru,Mobile,12,18133.2,No,0
TXN101826,CUST1017,1184.64,Debit,Flipkart,2025-01-04 11:59:00,Pune,Mobile,6,36906.26,No,0
TXN101827,CUST1165,3734.77,Debit,Myntra,2025-04-16 19:13:00,London,Mobile,10,10453.1,No,0
TXN101828,CUST1153,1304.25,Credit,Local Store,2025-03-20 10:15:00,Mumbai,Mobile,9,139104.04,No,0
TXN101829,CUST1486,3927.6,Debit,Other,2025-07-21 04:50:00,Hyderabad,Mobile,10,42170.05,No,0
TXN101830,CUST1378,135.57,Debit,Amazon,2025-02-06 20:13:00,Mumbai,ATM,6,24131.8,No,0
TXN101831,CUST1076,463.59,Debit,Local Store,2025-05-07 02:01:00,Hyderabad,ATM,6,14199.56,Yes,0
TXN101832,CUST1087,1500.19,Debit,Google,2025-03-01 23:06:00,Bengaluru,Mobile,14,25805.79,No,0
TXN101833,CUST1117,324.81,Debit,Walmart,2025-08-17 15:11:00,Delhi,Mobile,6,61636.59,No,0
TXN101834,CUST1362,1676.49,Debit,Other,2025-10-09 20:01:00,Chennai,Web,9,22317.02,No,0
TXN101835,CUST1342,1140.79,Debit,Walmart,2025-08-11 18:55:00,Bengaluru,Mobile,6,16877.66,No,0
TXN101836,CUST1469,220.18,Credit,Local Store,2025-03-22 16:54:00,Kolkata,Web,3,50424.26,Yes,0
TXN101837,CUST1027,182.72,Debit,Google,2025-12-03 19:21:00,Chennai,ATM,9,13533.59,No,0
TXN101838,CUST1313,1529.92,Debit,Local Store,2025-10-04 17:39:00,Chennai,ATM,10,35436.67,Yes,0
TXN101839,CUST1287,348.25,Debit,Walmart,2025-10-06 08:26:00,Hyderabad,Mobile,7,40495.59,No,0
TXN101840,CUST1134,694.21,Debit,Apple,2025-10-31 03:42:00,Dubai,Mobile,4,39654.65,No,0
TXN101841,CUST1219,2061.0,Debit,Flipkart,2025-07-12 09:48:00,Pune,Mobile,8,41091.59,No,0
TXN101842,CUST1168,1010.41,Debit,Walmart,2025-09-16 14:37:00,Chennai,Mobile,7,14575.4,No,0
TXN101843,CUST1098,718.39,Credit,Flipkart,2025-09-09 16:41:00,Delhi,Mobile,7,25827.23,No,0
TXN101844,CUST1268,240.61,Credit,Amazon,2025-11-27 08:58:00,Bengaluru,ATM,8,24620.06,No,0
TXN101845,CUST1237,4913.85,Credit,Flipkart,2025-10-24 07:14:00,Kolkata,ATM,2,32962.77,No,0
TXN101846,CUST1309,2453.63,Debit,Apple,2025-02-27 05:29:00,Pune,ATM,5,7712.34,No,0
TXN101847,CUST1455,575.78,Debit,Google,2025-01-17 03:28:00,Kochi,ATM,6,10411.44,No,0
TXN101848,CUST1394,444.48,Credit,Flipkart,2025-12-01 23:36:00,Mumbai,Mobile,10,150290.41,No,0
TXN101849,CUST1173,625.23,Debit,Uber,2025-01-06 13:44:00,London,Web,8,51231.71,No,0
TXN101850,CUST1401,411.92,Debit,Swiggy,2025-11-27 03:50:00,London,Mobile,6,25346.02,No,0
TXN101851,CUST1410,815.11,Debit,Walmart,2025-06-13 02:24:00,Dubai,Mobile,9,31476.25,No,0
TXN101852,CUST1469,3348.27,Debit,Google,2025-05-02 10:35:00,Delhi,Mobile,9,135064.98,No,0
TXN101853,CUST1476,3015.79,Debit,Zomato,2025-09-03 19:33:00,Mumbai,Web,11,7291.54,No,0
TXN101854,CUST1190,3005.72,Credit,ATM,2025-10-13 17:53:00,Hyderabad,Web,3,32387.07,No,0
TXN101855,CUST1122,299.61,Debit,Amazon,2025-04-10 22:47:00,Chennai,Mobile,7,23013.85,No,0
TXN101856,CUST1046,389.26,Debit,Swiggy,2025-03-01 03:38:00,Bengaluru,Mobile,5,75505.22,No,0
TXN101857,CUST1064,2870.97,Credit,Uber,2025-12-25 17:00:00,Pune,Mobile,9,45723.34,No,0
TXN101858,CUST1130,1721.27,Credit,Myntra,2025-10-04 03:54:00,Delhi,Mobile,14,150708.18,No,0
TXN101859,CUST1310,710.1,Debit,Apple,2025-02-14 04:10:00,Dubai,Mobile,8,54759.42,No,0
TXN101860,CUST1363,2233.93,Debit,Local Store,2025-11-28 08:57:00,Chennai,Web,5,21337.68,No,0
TXN101861,CUST1193,1816.71,Credit,Swiggy,2025-12-05 05:05:00,Chennai,Web,8,24920.96,No,0
TXN101862,CUST1307,236.83,Debit,Google,2025-10-27 19:22:00,Pune,Mobile,7,49693.7,No,0
TXN101863,CUST1181,114.66,Debit,Google,2025-01-04 22:28:00,Hyderabad,Web,3,88399.23,No,0
TXN101864,CUST1292,1082.48,Credit,Google,2025-06-04 13:02:00,Chennai,,7,17477.46,No,0
TXN101865,CUST1371,126.54,Debit,Amazon,2025-05-04 19:07:00,London,ATM,10,36025.9,No,0
TXN101866,CUST1282,3279.95,Debit,Flipkart,2025-04-18 23:29:00,Pune,Mobile,10,6839.42,No,0
TXN101867,CUST1029,1827.15,Debit,Walmart,2025-08-27 23:26:00,Mumbai,Web,13,23865.4,No,0
TXN101868,CUST1149,759.06,Debit,Myntra,2025-08-03 03:22:00,Kochi,ATM,14,108466.81,No,0
TXN101869,CUST1267,319.76,Credit,Local Store,2025-03-03 16:35:00,Kolkata,ATM,5,92883.88,No,0
TXN101870,CUST1296,429.77,Debit,Google,2025-03-12 19:08:00,Pune,Mobile,9,52155.56,No,0
TXN101871,CUST1011,53.13,Debit,Local Store,2025-05-09 14:34:00,Kochi,Web,8,112910.73,No,0
TXN101872,CUST1164,4421.88,Debit,Zomato,2025-11-21 03:15:00,Chennai,Mobile,8,24435.59,No,0
TXN101873,CUST1113,1331.35,Debit,Amazon,2025-07-24 01:31:00,Kolkata,Mobile,8,28309.41,No,0
TXN101874,CUST1187,915.75,Debit,Other,2025-04-07 02:08:00,Chennai,Mobile,7,24106.81,No,0
TXN101875,CUST1295,6871.15,Debit,Google,2025-04-19 15:50:00,Chennai,ATM,5,48577.68,Yes,0
TXN101876,CUST1232,424.9,Debit,Zomato,2025-07-26 22:26:00,Dubai,ATM,7,265614.71,No,0
TXN101877,CUST1227,896.26,Credit,Myntra,2025-01-10 05:01:00,Delhi,Mobile,7,39144.25,No,0
TXN101878,CUST1310,547.13,Debit,Myntra,2025-02-23 06:29:00,Pune,Mobile,8,12634.99,No,0
TXN101879,CUST1098,8784.68,Debit,Walmart,2025-09-14 02:00:00,Kochi,ATM,10,12999.91,No,0
TXN101880,CUST1055,821.28,Credit,Uber,2025-07-24 02:45:00,London,Mobile,8,15470.15,No,0
TXN101881,CUST1111,1319.63,Debit,Walmart,2025-07-11 12:36:00,Kochi,Mobile,7,16175.24,No,0
TXN101882,CUST1152,5545.91,Debit,Flipkart,2025-07-05 14:07:00,Mumbai,Mobile,3,15130.77,No,0
TXN101883,CUST1246,3243.14,Credit,Local Store,2025-07-19 18:04:00,Hyderabad,Web,5,35040.05,No,0
TXN101884,CUST1406,215.89,Debit,Apple,2025-10-25 17:45:00,Chennai,Mobile,7,10199.22,No,0
TXN101885,CUST1069,800.34,Debit,Myntra,2025-10-22 17:10:00,Mumbai,Web,6,42935.93,No,0
TXN101886,CUST1312,1022.29,Debit,Apple,2025-11-14 19:46:00,Hyderabad,Mobile,12,62377.93,No,0
TXN101887,CUST1289,1287.51,Debit,Amazon,2025-08-03 23:10:00,Delhi,Mobile,10,18661.53,No,0
TXN101888,CUST1250,1502.79,Credit,Swiggy,2025-08-14 20:03:00,Kolkata,Mobile,7,38505.22,No,0
TXN101889,CUST1036,443.16,Debit,Google,2025-08-28 11:46:00,London,Mobile,11,48980.78,No,0
TXN101890,CUST1239,5054.51,Credit,Amazon,2025-01-02 12:27:00,Pune,Mobile,6,57454.98,No,0
TXN101891,CUST1148,1712.59,Credit,ATM,2025-12-04 06:47:00,Kolkata,Mobile,10,32294.44,No,0
TXN101892,CUST1467,2101.45,Debit,Myntra,2025-10-23 20:44:00,Hyderabad,Web,7,14605.96,No,0
TXN101893,CUST1227,4327.62,Debit,Zomato,2025-03-29 16:30:00,Chennai,Mobile,7,32235.6,No,0
TXN101894,CUST1244,1446.12,Debit,Local Store,2025-08-19 06:47:00,Hyderabad,Web,5,26438.9,No,0
TXN101895,CUST1491,889.82,Debit,Apple,2025-09-03 17:07:00,Pune,ATM,9,33020.49,Yes,1
TXN101896,CUST1337,762.82,Debit,Walmart,2025-02-26 10:17:00,Bengaluru,Web,8,14134.85,No,0
TXN101897,CUST1446,875.65,Credit,Swiggy,2025-02-12 21:13:00,Pune,ATM,11,9523.62,No,0
TXN101898,CUST1365,933.09,Credit,Uber,2025-10-08 18:23:00,Delhi,Mobile,7,6555.03,Yes,0
TXN101899,CUST1491,162.1,Debit,Amazon,2025-10-22 11:12:00,Bengaluru,Mobile,8,7978.6,No,0
TXN101900,CUST1482,589.33,Debit,Uber,2025-01-17 06:08:00,Bengaluru,ATM,6,7579.4,No,0
TXN101901,CUST1201,367.49,Credit,Other,2025-03-28 04:36:00,Mumbai,ATM,11,64117.34,No,0
TXN101902,CUST1154,144.2,Debit,ATM,2025-01-13 02:13:00,Mumbai,ATM,7,35894.73,No,0
TXN101903,CUST1450,1282.92,Credit,Apple,2025-02-11 07:40:00,Pune,Web,11,30635.36,Yes,0
TXN101904,CUST1073,1708.7,Debit,Apple,2025-02-09 03:18:00,Pune,Web,8,22992.44,No,0
TXN101905,CUST1201,463.44,Debit,Google,2025-02-15 23:17:00,Delhi,Mobile,6,7079.7,No,0
TXN101906,CUST1296,828.7,Credit,Zomato,2025-12-10 01:12:00,Kochi,Web,11,39686.02,No,0
TXN101907,CUST1017,1930.79,Debit,Other,2025-06-05 04:52:00,Delhi,Mobile,4,35235.13,No,0
TXN101908,CUST1129,811.18,Credit,Zomato,2025-10-23 21:10:00,London,Mobile,8,30772.12,Yes,1
TXN101909,CUST1217,956.82,Credit,Flipkart,2025-02-22 22:40:00,Bengaluru,Mobile,4,16713.14,No,0
TXN101910,CUST1061,858.58,Debit,Walmart,2025-06-13 14:35:00,Pune,Mobile,10,17692.28,No,0
TXN101911,CUST1427,2001.56,Debit,Myntra,2025-12-29 23:50:00,Hyderabad,Mobile,6,44017.33,Yes,0
TXN101912,CUST1104,1078.38,Credit,Myntra,2025-07-13 09:06:00,Bengaluru,Web,7,16720.9,No,0
TXN101913,CUST1042,792.08,Credit,Apple,2025-01-05 20:08:00,Bengaluru,ATM,9,65984.18,No,0
TXN101914,CUST1025,682.13,Debit,Amazon,2025-07-21 03:42:00,Delhi,Web,4,98680.71,No,0
TXN101915,CUST1039,474.6,Credit,Local Store,2025-05-13 14:00:00,Bengaluru,Mobile,10,68813.99,No,0
TXN101916,CUST1291,1992.4,Debit,Myntra,2025-07-03 05:24:00,Bengaluru,ATM,8,31935.0,No,0
TXN101917,CUST1131,1931.61,Debit,ATM,2025-06-11 03:56:00,London,Mobile,5,27729.24,Yes,0
TXN101918,CUST1498,1089.98,Credit,Other,2025-01-17 02:39:00,Kochi,Web,3,32008.64,No,0
TXN101919,CUST1229,2801.5,Debit,ATM,2025-11-01 00:45:00,Pune,Mobile,13,49492.22,No,0
TXN101920,CUST1108,1108.54,Credit,ATM,2025-04-24 07:47:00,Kochi,Mobile,9,88538.1,No,0
TXN101921,CUST1172,1517.12,Debit,Myntra,2025-11-13 01:50:00,London,Web,9,45022.03,No,0
TXN101922,CUST1435,620.42,Debit,Amazon,2025-12-20 20:31:00,Delhi,Web,7,8314.31,No,0
TXN101923,CUST1478,3637.54,Debit,Walmart,2025-12-23 21:42:00,Bengaluru,Mobile,8,14828.59,No,0
TXN101924,CUST1102,1289.61,Debit,Swiggy,2025-01-04 20:00:00,Kochi,Mobile,8,26544.33,No,0
TXN101925,CUST1354,1614.24,Debit,Zomato,2025-04-27 08:07:00,Pune,Mobile,8,62293.58,No,0
TXN101926,CUST1012,1172.34,Debit,Google,2025-05-02 14:41:00,Mumbai,Mobile,5,165831.22,Yes,0
TXN101927,CUST1275,1193.06,Debit,Google,2025-11-24 15:17:00,Mumbai,Web,6,31386.25,No,0
TXN101928,CUST1101,1423.71,Debit,Google,2025-06-23 17:04:00,Mumbai,Mobile,8,49071.24,No,0
TXN101929,CUST1044,140.67,Debit,ATM,2025-02-15 02:05:00,Dubai,Mobile,6,9314.1,No,0
TXN101930,CUST1443,1675.53,Credit,Amazon,2025-09-14 12:00:00,Hyderabad,Mobile,10,17541.84,Yes,0
TXN101931,CUST1305,538.25,Debit,Other,2025-07-30 20:02:00,London,Mobile,19,38816.34,No,0
TXN101932,CUST1445,870.05,Debit,Google,2025-09-01 21:01:00,Dubai,Mobile,14,6378.56,No,0
TXN101933,CUST1017,569.14,Debit,Apple,2025-03-11 10:17:00,Kolkata,Web,6,35765.07,No,0
TXN101934,CUST1330,2517.03,Debit,Flipkart,2025-12-18 06:38:00,Delhi,Mobile,10,22378.83,No,0
TXN101935,CUST1057,496.59,Debit,ATM,2025-12-27 12:43:00,Hyderabad,Mobile,7,30762.26,Yes,0
TXN101936,CUST1311,816.83,Debit,Amazon,2025-12-02 17:22:00,Chennai,Mobile,11,17392.54,No,0
TXN101937,CUST1497,572.91,Debit,Amazon,2025-01-21 09:05:00,Chennai,Mobile,12,44021.09,No,0
TXN101938,CUST1303,522.22,Credit,Other,2025-09-16 12:11:00,Pune,Mobile,7,65762.8,No,0
TXN101939,CUST1012,528.24,Credit,Zomato,2025-12-09 22:14:00,Mumbai,Mobile,9,52013.52,No,0
TXN101940,CUST1318,316.5,Debit,Google,2025-08-19 01:50:00,Chennai,Mobile,4,50843.44,No,0
TXN101941,CUST1080,624.38,Debit,Uber,2025-03-09 15:26:00,Bengaluru,Mobile,4,45563.26,No,0
TXN101942,CUST1216,1329.66,Debit,Swiggy,2025-08-05 06:42:00,London,ATM,4,29349.52,No,0
TXN101943,CUST1339,440.81,Debit,ATM,2025-08-02 06:06:00,Hyderabad,Web,11,21408.02,No,0
TXN101944,CUST1264,1243.51,Debit,Flipkart,2025-09-25 01:43:00,Dubai,Web,8,59451.18,No,0
TXN101945,CUST1479,1862.8,Debit,Amazon,2025-01-11 18:54:00,Hyderabad,Mobile,13,15312.93,No,0
TXN101946,CUST1149,955.32,Debit,Flipkart,2025-03-11 19:46:00,Delhi,Web,6,43285.27,No,0
TXN101947,CUST1081,333.45,Debit,Amazon,2025-07-08 01:04:00,Chennai,ATM,10,42428.12,No,0
TXN101948,CUST1215,188.83,Debit,Walmart,2025-06-10 15:24:00,Delhi,Web,9,13528.51,Yes,0
TXN101949,CUST1485,2463.66,Debit,Zomato,2025-12-03 07:13:00,Kolkata,Mobile,6,14645.93,No,0
TXN101950,CUST1374,5131.58,Debit,Apple,2025-10-04 23:14:00,Bengaluru,Mobile,9,43597.57,No,0
TXN101951,CUST1464,4491.43,Debit,Walmart,2025-06-12 05:32:00,Delhi,Mobile,8,34827.55,Yes,0
TXN101952,CUST1198,1482.26,Debit,Local Store,2025-08-01 13:21:00,Kolkata,Mobile,10,38929.93,No,0
TXN101953,CUST1200,1495.37,Debit,Google,2025-04-10 11:59:00,Kolkata,Mobile,11,25302.53,No,0
TXN101954,CUST1025,881.54,Debit,Local Store,2025-05-17 16:46:00,Pune,ATM,5,93826.68,No,0
TXN101955,CUST1466,866.34,Debit,Swiggy,2025-10-08 13:35:00,Hyderabad,Web,6,46246.67,No,0
TXN101956,CUST1089,529.63,Debit,Uber,2025-10-21 03:32:00,Delhi,Mobile,10,81513.56,No,0
TXN101957,CUST1268,470.46,Debit,Apple,2025-02-18 22:23:00,London,Mobile,10,24402.67,No,0
TXN101958,CUST1143,168.65,Debit,Walmart,2025-03-06 22:20:00,Dubai,Mobile,9,62881.02,No,0
TXN101959,CUST1059,2208.18,Debit,Flipkart,2025-05-25 06:52:00,London,Mobile,8,23470.84,No,0
TXN101960,CUST1410,1902.15,Debit,Flipkart,2025-02-28 18:07:00,Mumbai,Mobile,2,23227.8,No,0
TXN101961,CUST1489,750.64,Debit,Swiggy,2025-08-20 20:00:00,Pune,Mobile,12,11882.52,No,0
TXN101962,CUST1365,3852.43,Debit,Amazon,2025-03-25 09:16:00,Delhi,Mobile,5,41821.56,No,0
TXN101963,CUST1026,10240.17,Credit,Flipkart,2025-02-10 18:12:00,Chennai,ATM,5,13797.52,No,0
TXN101964,CUST1047,247.44,Debit,Google,2025-04-22 20:41:00,Kochi,Mobile,9,18723.24,No,0
TXN101965,CUST1288,1933.32,Debit,Uber,2025-03-19 13:58:00,Kolkata,Mobile,11,10771.92,No,0
TXN101966,CUST1266,1073.46,Credit,Zomato,2025-09-03 04:36:00,Bengaluru,Mobile,6,7168.68,No,0
TXN101967,CUST1016,5487.26,Credit,Google,2025-12-31 05:20:00,Chennai,Mobile,2,27940.42,No,0
TXN101968,CUST1199,652.12,Debit,Uber,2025-06-21 21:36:00,Kochi,Mobile,10,17407.67,No,0
TXN101969,CUST1401,3171.82,Debit,ATM,2025-01-26 06:53:00,Chennai,Web,8,38091.06,No,0
TXN101970,CUST1407,2183.76,Debit,Swiggy,2025-04-10 22:08:00,Chennai,Mobile,9,28609.33,No,0
TXN101971,CUST1282,3473.27,Debit,Google,2025-12-30 01:00:00,Mumbai,Mobile,3,65113.02,No,0
TXN101972,CUST1469,531.43,Debit,Zomato,2025-01-26 07:48:00,Chennai,Web,4,126090.53,No,0
TXN101973,CUST1086,745.73,Debit,Zomato,2025-05-05 06:49:00,Dubai,Mobile,7,70359.15,No,0
TXN101974,CUST1250,1858.38,Debit,ATM,2025-10-21 22:51:00,Mumbai,Mobile,8,30410.1,No,0
TXN101975,CUST1391,3399.84,Credit,Myntra,2025-12-11 00:53:00,Delhi,Mobile,7,49250.49,No,0
TXN101976,CUST1270,1369.0,Credit,Other,2025-06-14 00:27:00,Dubai,Web,8,79602.82,Yes,0
TXN101977,CUST1335,164.25,Debit,Amazon,2025-01-30 04:56:00,Delhi,Mobile,15,20386.56,No,0
TXN101978,CUST1117,3590.73,Debit,Swiggy,2025-02-05 23:51:00,Hyderabad,Mobile,7,58180.17,No,0
TXN101979,CUST1007,4007.05,Debit,ATM,2025-10-24 04:08:00,Kochi,Web,10,79203.76,No,0
TXN101980,CUST1137,633.22,Credit,Google,2025-07-12 05:35:00,Mumbai,Mobile,7,31627.06,No,0
TXN101981,CUST1371,2567.8,Debit,Apple,2025-07-20 19:52:00,Hyderabad,Mobile,7,42256.09,No,0
TXN101982,CUST1176,1793.81,Debit,Apple,2025-11-20 06:45:00,Pune,Mobile,6,137908.17,No,0
TXN101983,CUST1328,449.72,Debit,Swiggy,2025-06-11 22:32:00,Kochi,Web,8,18605.76,No,0
TXN101984,CUST1498,2665.97,Debit,Other,2025-09-06 07:34:00,Kochi,ATM,11,24297.46,No,0
TXN101985,CUST1315,1050.4,Debit,Google,2025-12-31 14:05:00,London,ATM,7,45115.46,No,0
TXN101986,CUST1215,282.0,Credit,Walmart,2025-07-10 03:40:00,,ATM,2,15297.57,No,0
TXN101987,CUST1477,2693.05,Debit,Walmart,2025-10-04 03:30:00,Pune,Web,6,28136.61,No,0
TXN101988,CUST1082,9088.83,Debit,Amazon,2025-05-06 14:42:00,Kochi,Web,8,11918.71,No,0
TXN101989,CUST1223,109.59,Debit,Google,2025-03-24 10:16:00,Chennai,Web,10,7188.72,No,0
TXN101990,CUST1478,1488.94,Debit,Zomato,2025-01-04 11:14:00,Hyderabad,Mobile,5,35605.48,No,0
TXN101991,CUST1372,1431.32,Credit,Flipkart,2025-02-18 03:00:00,Pune,Web,7,10938.67,No,0
TXN101992,CUST1423,345.79,Credit,Apple,2025-08-01 13:33:00,Delhi,Mobile,5,14895.46,No,0
TXN101993,CUST1483,3060.54,Credit,Other,2025-07-26 06:16:00,Bengaluru,Mobile,10,64080.12,No,0
TXN101994,CUST1402,368.03,Credit,Google,2025-07-31 08:39:00,Hyderabad,Web,11,33770.31,No,0
TXN101995,CUST1443,1193.26,Debit,Google,2025-12-25 15:59:00,Hyderabad,Mobile,11,28919.65,No,0
TXN101996,CUST1490,518.77,Debit,Flipkart,2025-11-06 00:15:00,Delhi,Mobile,6,22491.23,No,0
TXN101997,CUST1103,393.15,Debit,Flipkart,2025-08-24 21:19:00,Kochi,Mobile,10,94280.67,No,0
TXN101998,CUST1273,1589.61,Credit,Uber,2025-02-05 21:57:00,Dubai,ATM,7,159346.5,No,0
TXN101999,CUST1014,538.23,Debit,ATM,2025-01-02 22:03:00,Pune,Web,8,46858.78,No,0
TXN102000,CUST1159,3946.09,Debit,Myntra,2025-09-04 13:34:00,Kochi,Mobile,7,4128.16,No,0
TXN102001,CUST1152,1120.86,Credit,Amazon,2025-02-08 12:40:00,Mumbai,Mobile,6,28972.37,No,0
TXN102002,CUST1483,2592.16,Debit,Apple,2025-05-24 20:19:00,Mumbai,Mobile,11,13461.66,No,0
TXN102003,CUST1108,2436.47,Debit,Flipkart,2025-03-24 00:14:00,Mumbai,Mobile,3,21232.93,No,0
TXN102004,CUST1188,3600.85,Debit,Walmart,2025-02-23 08:48:00,Delhi,Mobile,9,42651.16,No,0
TXN102005,CUST1301,820.01,Debit,Swiggy,2025-04-27 16:17:00,Chennai,Web,8,32186.66,No,0
TXN102006,CUST1098,970.91,Debit,Walmart,2025-11-06 00:12:00,Delhi,Mobile,14,10638.84,No,0
TXN102007,CUST1131,451.32,Credit,Uber,2025-11-04 13:39:00,Kolkata,Mobile,6,17691.22,No,0
TXN102008,CUST1293,1260.97,Debit,Uber,2025-12-01 04:15:00,Mumbai,Mobile,8,70340.1,No,0
TXN102009,CUST1171,493.08,Credit,Flipkart,2025-12-03 20:57:00,London,Mobile,12,97930.46,No,0
TXN102010,CUST1424,3414.56,Debit,Uber,2025-12-16 15:56:00,Delhi,Mobile,2,82763.85,No,0
TXN102011,CUST1474,438.58,Debit,ATM,2025-10-19 18:42:00,Bengaluru,Mobile,9,10793.77,No,0
TXN102012,CUST1183,709.39,Credit,Zomato,2025-02-01 07:35:00,Mumbai,Mobile,6,22836.18,No,0
TXN102013,CUST1471,1891.18,Debit,Local Store,2025-11-25 13:46:00,Kolkata,Web,7,17228.44,No,0
TXN102014,CUST1364,1816.43,Debit,Google,2025-09-30 07:18:00,Hyderabad,Web,10,49020.22,No,0
TXN102015,CUST1039,348.98,Credit,Google,2025-10-17 19:39:00,Chennai,Mobile,10,23841.92,No,0
TXN102016,CUST1015,601.59,Debit,Flipkart,2025-09-01 02:27:00,Delhi,Mobile,11,13895.59,No,0
TXN102017,CUST1376,805.94,Debit,Uber,2025-09-30 16:30:00,London,,10,90175.46,No,0
TXN102018,CUST1497,926.88,Debit,Swiggy,2025-03-17 19:22:00,Mumbai,Mobile,8,19271.27,No,0
TXN102019,CUST1004,1335.51,Debit,Zomato,2025-09-24 00:31:00,Dubai,Web,13,63471.37,No,0
TXN102020,CUST1349,2332.69,Debit,Amazon,2025-07-07 14:50:00,Kochi,ATM,7,18814.38,No,0
TXN102021,CUST1470,952.77,Debit,Uber,2025-08-16 03:09:00,Chennai,Mobile,7,53659.79,No,0
TXN102022,CUST1409,1204.15,Debit,Zomato,2025-07-25 10:09:00,Pune,Web,5,23326.89,Yes,0
TXN102023,CUST1397,500.11,Credit,Myntra,2025-07-08 11:41:00,Mumbai,Web,12,13633.46,No,0
TXN102024,CUST1210,4921.7,Debit,Amazon,2025-05-01 08:31:00,Bengaluru,Mobile,6,70526.26,No,0
TXN102025,CUST1161,1655.32,Debit,Google,2025-11-03 04:00:00,Kolkata,Web,7,17489.99,No,0
TXN102026,CUST1016,824.65,Debit,Myntra,2025-06-02 23:23:00,Pune,Mobile,9,32279.09,No,0
TXN102027,CUST1493,3748.93,Debit,Flipkart,2025-11-08 16:28:00,Bengaluru,Mobile,8,11220.73,No,0
TXN102028,CUST1426,1588.37,Debit,Apple,2025-08-25 14:06:00,Dubai,Web,7,10576.73,No,0
TXN102029,CUST1108,1366.42,Credit,Flipkart,2025-08-08 18:23:00,Pune,Web,7,94261.31,No,0
TXN102030,CUST1382,1101.89,Credit,Swiggy,2025-06-20 05:44:00,Dubai,ATM,10,33019.1,No,0
TXN102031,CUST1450,3029.04,Debit,ATM,2025-05-16 23:04:00,Hyderabad,Mobile,6,27465.02,No,0
TXN102032,CUST1311,5503.37,Debit,Zomato,2025-08-18 22:39:00,Dubai,Mobile,5,21655.4,No,0
TXN102033,CUST1227,2978.24,Debit,ATM,2025-04-24 08:44:00,Hyderabad,Mobile,2,16588.74,No,0
TXN102034,CUST1170,1132.81,Debit,Apple,2025-11-11 04:13:00,Chennai,Mobile,8,46040.07,No,0
TXN102035,CUST1034,4185.71,Debit,ATM,2025-03-12 05:58:00,Pune,Mobile,14,86275.58,No,0
TXN102036,CUST1414,844.99,Credit,Amazon,2025-02-14 10:12:00,Pune,Mobile,4,54893.32,No,0
TXN102037,CUST1251,453.95,Debit,Amazon,2025-12-02 10:07:00,Delhi,Mobile,12,47005.25,No,0
TXN102038,CUST1247,2464.79,Credit,Other,2025-10-29 12:59:00,Mumbai,Mobile,8,23496.28,No,0
TXN102039,CUST1269,4630.91,Debit,Myntra,2025-07-15 22:20:00,Chennai,Mobile,10,47870.43,Yes,0
TXN102040,CUST1141,1096.3,Debit,Swiggy,2025-04-26 19:42:00,Kolkata,ATM,12,128248.1,Yes,0
TXN102041,CUST1274,5700.82,Debit,Google,2025-03-27 11:39:00,Mumbai,Web,6,24356.37,No,0
TXN102042,CUST1416,257.13,Debit,ATM,2025-03-17 15:44:00,Delhi,Mobile,8,38923.01,No,0
TXN102043,CUST1096,999.89,Debit,Uber,2025-06-21 22:12:00,Mumbai,ATM,5,82469.14,No,0
TXN102044,CUST1227,467.2,Debit,Uber,2025-08-27 14:55:00,London,Web,3,128374.49,No,0
TXN102045,CUST1379,458.2,Credit,Apple,2025-05-17 20:57:00,Delhi,ATM,8,33019.92,No,0
TXN102046,CUST1039,1062.46,Debit,Swiggy,2025-07-20 03:33:00,Pune,Mobile,5,56171.33,No,0
TXN102047,CUST1302,6141.07,Debit,Swiggy,2025-02-28 21:31:00,Dubai,Mobile,5,24572.37,No,0
TXN102048,CUST1500,4094.92,Credit,Amazon,2025-05-13 00:41:00,Delhi,ATM,1,37922.94,No,0
TXN102049,CUST1029,4426.29,Credit,Google,2025-09-22 00:12:00,Chennai,Mobile,7,24776.65,Yes,0
TXN102050,CUST1446,1710.73,Debit,Zomato,2025-11-12 09:11:00,Chennai,ATM,4,71768.21,No,0
TXN102051,CUST1497,822.75,Debit,Google,2025-11-13 11:38:00,Pune,Web,4,104533.96,No,0
TXN102052,CUST1477,1533.37,Credit,Walmart,2025-07-28 22:16:00,Bengaluru,ATM,10,12031.24,No,0
TXN102053,CUST1318,266.16,Debit,Swiggy,2025-05-16 20:23:00,Delhi,Mobile,8,27481.46,No,0
TXN102054,CUST1245,5141.29,Debit,Flipkart,2025-07-25 11:06:00,Bengaluru,Mobile,3,19814.42,No,0
TXN102055,CUST1236,184.23,Debit,Local Store,2025-05-18 15:57:00,Bengaluru,Mobile,9,23407.36,No,0
TXN102056,CUST1185,964.91,Debit,Swiggy,2025-07-17 05:03:00,Delhi,ATM,9,24799.22,No,0
TXN102057,CUST1272,1096.03,Debit,Apple,2025-07-20 22:40:00,London,Mobile,11,15506.55,No,0
TXN102058,CUST1440,2557.96,Debit,ATM,2025-11-28 17:37:00,Delhi,Mobile,8,36660.97,No,0
TXN102059,CUST1236,1701.63,Debit,Flipkart,2025-11-12 03:29:00,Dubai,Mobile,14,12406.99,No,0
TXN102060,CUST1239,1818.15,Debit,Apple,2025-02-04 09:22:00,London,Mobile,6,57648.34,No,0
TXN102061,CUST1377,104.58,Debit,Myntra,2025-06-09 21:13:00,Bengaluru,Mobile,5,37062.07,No,0
TXN102062,CUST1266,927.46,Credit,Local Store,2025-10-04 11:02:00,Hyderabad,Mobile,5,13415.06,Yes,0
TXN102063,CUST1414,581.93,Credit,Local Store,2025-09-17 07:13:00,Pune,Web,4,12893.36,Yes,0
TXN102064,CUST1409,1273.14,Debit,Amazon,2025-01-06 04:45:00,Kochi,Mobile,8,53449.35,No,0
TXN102065,CUST1359,961.04,Debit,Swiggy,2025-10-22 21:51:00,,ATM,10,17538.52,No,0
TXN102066,CUST1340,1368.4,Debit,Amazon,2025-03-20 06:21:00,London,Web,6,94892.79,No,0
TXN102067,CUST1389,332.74,Debit,Uber,2025-05-24 23:52:00,Chennai,Web,11,6047.59,No,0
TXN102068,CUST1065,1214.04,Debit,Apple,2025-05-09 03:14:00,Hyderabad,Web,6,13506.13,Yes,0
TXN102069,CUST1478,6308.64,Debit,Walmart,2025-11-06 02:13:00,Kolkata,Mobile,4,22285.78,No,0
TXN102070,CUST1177,9218.67,Credit,Walmart,2025-05-26 20:48:00,Mumbai,Mobile,8,29043.55,No,0
TXN102071,CUST1003,4231.61,Debit,Uber,2025-01-26 16:59:00,Chennai,Web,9,48902.49,Yes,0
TXN102072,CUST1429,175.97,Debit,Myntra,2025-07-01 14:17:00,Hyderabad,Mobile,12,25554.4,No,0
TXN102073,CUST1142,820.84,Debit,Walmart,2025-09-21 17:07:00,Chennai,Mobile,8,23367.3,No,0
TXN102074,CUST1376,665.64,Debit,Apple,2025-04-21 03:18:00,Kolkata,Mobile,6,17947.78,No,0
TXN102075,CUST1158,1278.21,Credit,Walmart,2025-11-06 07:34:00,Dubai,Web,7,16425.12,No,0
TXN102076,CUST1498,4131.95,Credit,Uber,2025-12-09 04:30:00,Dubai,Mobile,10,17419.02,No,0
TXN102077,CUST1324,1047.21,Debit,Flipkart,2025-10-17 18:07:00,Kolkata,Mobile,5,28047.12,No,0
TXN102078,CUST1146,437.36,Credit,ATM,2025-11-22 12:38:00,Mumbai,Mobile,7,7445.14,Yes,0
TXN102079,CUST1446,3503.39,Debit,ATM,2025-09-18 05:43:00,Delhi,ATM,8,44467.01,No,0
TXN102080,CUST1293,1590.28,Credit,Amazon,2025-01-19 00:19:00,Chennai,Mobile,11,31320.67,No,0
TXN102081,CUST1153,2372.88,Debit,Other,2025-04-17 21:39:00,Hyderabad,Web,6,27226.74,Yes,0
TXN102082,CUST1432,3012.27,Debit,Zomato,2025-06-13 22:54:00,Bengaluru,Web,10,69796.24,No,0
TXN102083,CUST1193,781.28,Debit,Apple,2025-09-21 11:33:00,Kochi,Web,6,46452.94,No,0
TXN102084,CUST1437,336.56,Debit,Amazon,2025-04-16 12:36:00,Dubai,Mobile,8,32719.14,No,0
TXN102085,CUST1494,1362.51,Debit,Local Store,2025-04-19 12:15:00,Delhi,Web,6,48542.4,Yes,0
TXN102086,CUST1463,777.67,Debit,Other,2025-11-19 13:02:00,Pune,Mobile,8,18639.3,Yes,0
TXN102087,CUST1073,1180.17,Debit,Google,2025-10-24 07:13:00,Chennai,Mobile,5,46401.29,No,0
TXN102088,CUST1399,4523.13,Credit,Walmart,2025-08-30 13:03:00,Delhi,Web,7,55035.26,No,0
TXN102089,CUST1305,1338.85,Debit,Walmart,2025-03-29 09:09:00,Pune,Web,10,4744.24,No,0
TXN102090,CUST1377,6904.61,Debit,Myntra,2025-03-31 00:56:00,Mumbai,Web,7,112133.13,No,0
TXN102091,CUST1344,1472.31,Debit,ATM,2025-05-02 22:47:00,Bengaluru,ATM,7,38199.23,No,0
TXN102092,CUST1452,823.84,Debit,Amazon,2025-10-12 05:59:00,Dubai,Mobile,9,47002.42,No,0
TXN102093,CUST1140,310.91,Debit,Google,2025-09-02 13:16:00,Pune,ATM,8,66987.23,No,0
TXN102094,CUST1187,1372.07,Credit,ATM,2025-07-10 15:35:00,Dubai,Mobile,6,26833.85,No,0
TXN102095,CUST1293,438.7,Debit,Walmart,2025-03-13 03:56:00,Kochi,Web,3,21760.31,No,0
TXN102096,CUST1061,1870.02,Debit,Local Store,2025-09-23 21:05:00,London,Mobile,10,37228.3,No,0
TXN102097,CUST1485,979.18,Debit,Myntra,2025-05-06 23:49:00,Bengaluru,Mobile,7,235514.57,Yes,0
TXN102098,CUST1427,947.67,Debit,Amazon,2025-06-01 09:00:00,Chennai,Mobile,7,27572.5,No,0
TXN102099,CUST1380,1194.1,Debit,Myntra,2025-12-16 16:31:00,Hyderabad,Mobile,13,18388.12,No,0
TXN102100,CUST1198,1384.52,Credit,Amazon,2025-12-04 23:15:00,Chennai,Mobile,8,81355.35,No,0
TXN102101,CUST1295,1059.76,Credit,Swiggy,2025-02-22 08:43:00,Delhi,Mobile,6,6215.28,No,0
TXN102102,CUST1440,9289.57,Debit,Swiggy,2025-08-23 00:26:00,Kolkata,Mobile,6,27392.29,No,0
TXN102103,CUST1319,506.72,Debit,ATM,2025-03-14 20:47:00,Delhi,Mobile,6,18455.61,No,0
TXN102104,CUST1302,3053.98,Debit,Uber,2025-12-04 09:13:00,Bengaluru,Mobile,7,47651.45,No,0
TXN102105,CUST1344,3849.31,Debit,Apple,2025-11-05 05:22:00,Dubai,Mobile,13,32931.02,No,0
TXN102106,CUST1011,362.34,Debit,Myntra,2025-07-27 21:32:00,Chennai,Mobile,6,13027.94,No,0
TXN102107,CUST1062,1160.32,Debit,Uber,2025-01-17 05:46:00,Hyderabad,,12,48308.48,No,0
TXN102108,CUST1333,1565.95,Debit,Myntra,2025-05-04 11:46:00,Pune,Web,6,16067.29,No,0
TXN102109,CUST1226,1301.59,Credit,Walmart,2025-12-17 02:38:00,Pune,ATM,8,28694.11,No,0
TXN102110,CUST1153,1251.64,Debit,Zomato,2025-07-21 16:46:00,Mumbai,Mobile,9,21582.6,No,0
TXN102111,CUST1199,2049.38,Debit,Myntra,2025-08-13 06:39:00,Chennai,Web,13,54771.99,No,0
TXN102112,CUST1052,134.76,Credit,Walmart,2025-06-25 02:36:00,Delhi,Web,9,21075.65,No,0
TXN102113,CUST1260,993.74,Debit,Google,2025-11-23 00:10:00,Chennai,Mobile,7,2926.74,No,0
TXN102114,CUST1059,720.35,Credit,Swiggy,2025-08-13 11:38:00,Chennai,Web,6,12881.86,No,0
TXN102115,CUST1072,534.15,Debit,Uber,2025-06-22 17:24:00,Kolkata,Mobile,7,31175.33,No,0
TXN102116,CUST1148,2641.6,Debit,Other,2025-05-20 17:22:00,Hyderabad,Mobile,7,18129.47,No,0
TXN102117,CUST1349,3078.31,Credit,Zomato,2025-01-18 17:25:00,Hyderabad,Mobile,12,72702.76,Yes,0
TXN102118,CUST1063,3417.94,Debit,Local Store,2025-02-25 10:18:00,Mumbai,Mobile,7,13826.83,No,0
TXN102119,CUST1310,2569.17,Debit,Swiggy,2025-03-21 13:49:00,London,Web,14,45822.41,No,0
TXN102120,CUST1373,331.25,Debit,Uber,2025-04-11 23:26:00,London,Mobile,10,54498.94,No,0
TXN102121,CUST1243,1268.56,Debit,ATM,2025-05-15 14:39:00,Mumbai,Mobile,8,33932.15,No,0
TXN102122,CUST1493,3326.07,Debit,Zomato,2025-09-10 06:58:00,Bengaluru,Mobile,6,40406.96,No,0
TXN102123,CUST1366,88.33,Credit,Local Store,2025-12-18 16:53:00,Hyderabad,Web,11,26873.13,No,0
TXN102124,CUST1330,5573.17,Credit,Flipkart,2025-06-28 18:38:00,Bengaluru,Web,9,36557.65,No,0
TXN102125,CUST1107,312.86,Credit,Walmart,2025-10-24 11:03:00,Delhi,Web,10,20649.46,Yes,0
TXN102126,CUST1226,450.46,Debit,Flipkart,2025-11-06 15:12:00,Delhi,Mobile,15,35232.64,No,0
TXN102127,CUST1313,2359.29,Debit,Other,2025-10-13 03:11:00,Mumbai,Mobile,13,23960.25,No,0
TXN102128,CUST1218,7701.37,Debit,Walmart,2025-12-19 05:55:00,Mumbai,Mobile,9,23955.31,No,0
TXN102129,CUST1425,430.92,Credit,Amazon,2025-12-23 21:51:00,Bengaluru,Mobile,8,18055.39,No,0
TXN102130,CUST1241,499.94,Debit,Apple,2025-08-16 07:50:00,Mumbai,Mobile,8,25268.25,No,0
TXN102131,CUST1259,3847.36,Debit,Zomato,2025-11-02 05:03:00,Hyderabad,Mobile,5,92187.11,No,0
TXN102132,CUST1376,1292.63,Debit,Flipkart,2025-03-02 05:24:00,Delhi,Web,11,24809.36,No,0
TXN102133,CUST1262,855.65,Debit,Apple,2025-03-08 22:33:00,Kolkata,ATM,8,60174.62,No,0
TXN102134,CUST1005,1352.63,Debit,Zomato,2025-10-06 18:26:00,Kolkata,Web,8,44041.05,No,0
TXN102135,CUST1261,9744.9,Credit,Uber,2025-10-26 06:25:00,Mumbai,Mobile,8,35782.51,No,0
TXN102136,CUST1054,2368.27,Credit,ATM,2025-12-29 17:13:00,Delhi,Mobile,4,36842.79,Yes,0
TXN102137,CUST1047,1564.46,Debit,Amazon,2025-01-24 03:40:00,Hyderabad,Mobile,7,30205.98,No,0
TXN102138,CUST1215,1958.26,Debit,Uber,2025-07-29 17:14:00,Chennai,Web,4,19215.47,No,0
TXN102139,CUST1177,1661.79,Credit,Walmart,2025-12-12 01:55:00,Kolkata,Web,9,107855.56,No,0
TXN102140,CUST1009,2733.49,Debit,ATM,2025-01-08 16:54:00,Bengaluru,ATM,2,65740.92,No,0
TXN102141,CUST1099,579.26,Debit,Other,2025-11-20 07:50:00,Kolkata,Mobile,8,30709.42,No,0
TXN102142,CUST1020,1024.46,Debit,Apple,2025-12-21 12:11:00,Pune,Web,10,31314.41,No,0
TXN102143,CUST1378,1075.05,Debit,Zomato,2025-09-25 03:48:00,Dubai,Mobile,9,45451.47,Yes,0
TXN102144,CUST1241,434.2,Debit,Myntra,2025-02-17 18:38:00,London,ATM,10,13445.99,No,0
TXN102145,CUST1061,365.67,Debit,ATM,2025-05-21 00:04:00,Chennai,Web,4,16529.7,No,0
TXN102146,CUST1379,4431.25,Debit,Apple,2025-03-18 11:30:00,London,Web,7,7276.11,No,0
TXN102147,CUST1490,2227.78,Debit,Google,2025-01-22 00:17:00,Kolkata,Mobile,8,25371.05,Yes,0
TXN102148,CUST1419,6430.12,Credit,Local Store,2025-10-10 22:27:00,Kolkata,Web,7,72667.15,No,0
TXN102149,CUST1178,1816.52,Credit,Flipkart,2025-02-06 14:11:00,Chennai,Mobile,8,24064.37,No,0
TXN102150,CUST1338,1509.82,Credit,Zomato,2025-10-18 20:29:00,Kochi,Mobile,8,153750.29,No,0
TXN102151,CUST1062,894.5,Debit,Swiggy,2025-07-23 12:12:00,Chennai,Mobile,4,21445.89,No,0
TXN102152,CUST1145,3005.68,Debit,Swiggy,2025-05-04 09:58:00,Kochi,Mobile,13,33978.69,No,0
TXN102153,CUST1216,307.08,Debit,Local Store,2025-12-13 01:57:00,Chennai,Web,8,24131.21,No,0
TXN102154,CUST1003,1487.13,Credit,ATM,2025-08-14 22:09:00,Kolkata,Mobile,3,5545.55,No,0
TXN102155,CUST1160,2764.49,Debit,Walmart,2025-05-05 01:26:00,Mumbai,Mobile,11,24186.57,No,0
TXN102156,CUST1227,1007.85,Debit,Other,2025-12-27 00:20:00,Bengaluru,Mobile,5,15820.67,No,0
TXN102157,CUST1486,1704.64,Debit,Apple,2025-06-04 06:03:00,Chennai,Mobile,6,35452.15,No,0
TXN102158,CUST1269,5347.74,Debit,Apple,2025-12-10 21:56:00,Mumbai,Mobile,7,77409.65,No,0
TXN102159,CUST1120,871.48,Debit,Other,2025-12-07 23:26:00,Chennai,Mobile,8,22819.54,No,0
TXN102160,CUST1381,1668.66,Credit,Swiggy,2025-01-01 15:17:00,Mumbai,Mobile,8,39282.22,No,0
TXN102161,CUST1495,3051.23,Credit,Apple,2025-01-28 03:44:00,Kolkata,Mobile,7,25335.47,No,0
TXN102162,CUST1089,797.48,Debit,Local Store,2025-07-13 20:23:00,Kochi,Web,11,58283.29,No,0
TXN102163,CUST1329,372.81,Credit,Apple,2025-07-02 00:11:00,Kolkata,Mobile,3,164468.85,No,0
TXN102164,CUST1068,2274.67,Debit,Walmart,2025-11-13 00:21:00,Chennai,Web,10,90555.92,No,0
TXN102165,CUST1398,1231.15,Credit,Flipkart,2025-10-07 23:17:00,Hyderabad,Mobile,6,18728.63,No,0
TXN102166,CUST1357,1067.9,Debit,Google,2025-04-18 07:42:00,Hyderabad,ATM,8,83763.68,Yes,0
TXN102167,CUST1098,1299.7,Debit,Flipkart,2025-04-01 02:24:00,Dubai,Mobile,9,37241.2,Yes,0
TXN102168,CUST1267,336.35,Debit,Google,2025-02-11 13:01:00,Kochi,Mobile,9,74893.86,No,0
TXN102169,CUST1105,854.15,Credit,Myntra,2025-06-01 05:01:00,Hyderabad,Mobile,8,13770.1,Yes,0
TXN102170,CUST1440,2240.68,Debit,Other,2025-06-23 02:25:00,Chennai,Mobile,4,27819.79,No,1
TXN102171,CUST1323,1093.71,Debit,Flipkart,2025-10-31 22:11:00,Dubai,Web,6,33995.56,No,0
TXN102172,CUST1123,654.56,Debit,Local Store,2025-10-04 05:05:00,,Mobile,5,28554.32,Yes,0
TXN102173,CUST1476,523.54,Credit,Amazon,2025-05-29 16:47:00,Kochi,Mobile,5,36952.36,Yes,0
TXN102174,CUST1029,1439.19,Debit,Myntra,2025-07-10 12:16:00,Kochi,ATM,5,27380.04,No,0
TXN102175,CUST1137,2543.65,Debit,Google,2025-08-22 12:06:00,Mumbai,Web,7,22758.23,Yes,0
TXN102176,CUST1195,3059.47,Debit,Other,2025-05-22 13:14:00,Bengaluru,Mobile,7,21099.32,No,0
TXN102177,CUST1409,628.89,Debit,Google,2025-03-02 06:35:00,Mumbai,Mobile,9,16090.31,No,0
TXN102178,CUST1226,5568.77,Debit,Myntra,2025-04-25 16:39:00,Mumbai,Mobile,9,37468.27,No,0
TXN102179,CUST1332,1228.87,Debit,Google,2025-08-17 08:21:00,Mumbai,ATM,4,,No,0
TXN102180,CUST1170,212.78,Debit,Other,2025-06-19 08:37:00,Delhi,Web,8,19837.72,No,0
TXN102181,CUST1009,N/A,Debit,Zomato,2025-05-19 09:38:00,Bengaluru,Web,12,9661.63,No,0
TXN102182,CUST1463,402.15,Credit,Amazon,2025-12-13 10:03:00,Hyderabad,ATM,9,44529.27,No,0
TXN102183,CUST1040,1651.27,Debit,Local Store,2025-04-05 15:25:00,Mumbai,Mobile,7,49352.83,No,0
TXN102184,CUST1025,1448.26,Debit,Zomato,2025-03-13 02:52:00,Chennai,Mobile,5,14717.39,No,0
TXN102185,CUST1261,239.1,Credit,Google,2025-03-22 22:25:00,Mumbai,Mobile,12,32121.16,No,0
TXN102186,CUST1395,4618.17,Debit,Flipkart,2025-10-18 16:36:00,Kochi,Web,3,,No,0
TXN102187,CUST1443,575.31,Credit,Zomato,2025-06-04 06:08:00,Kochi,ATM,9,50955.76,No,0
TXN102188,CUST1226,177.94,Debit,Flipkart,2025-09-15 02:50:00,Mumbai,Mobile,8,20500.93,No,0
TXN102189,CUST1472,3947.26,Debit,Myntra,2025-07-19 01:43:00,Delhi,Mobile,10,20565.49,No,0
TXN102190,CUST1124,2019.49,Debit,Apple,2025-09-22 09:14:00,Chennai,ATM,10,32802.51,No,0
TXN102191,CUST1463,848.93,Credit,Uber,2025-01-11 09:55:00,Kolkata,Mobile,12,21697.35,No,0
TXN102192,CUST1038,1151.03,Debit,ATM,2025-01-17 08:39:00,Mumbai,ATM,7,20610.43,No,0
TXN102193,CUST1328,975.98,Debit,Other,2025-12-28 23:24:00,Mumbai,Mobile,2,18750.02,No,0
TXN102194,CUST1251,224.45,Credit,Google,2025-09-01 21:13:00,Dubai,Mobile,7,21338.76,No,0
TXN102195,CUST1389,270.9,Debit,Uber,2025-10-04 13:17:00,Mumbai,Mobile,11,22444.35,No,0
TXN102196,CUST1176,2842.11,Debit,Amazon,2025-11-05 20:35:00,Chennai,Web,9,30020.96,No,0
TXN102197,CUST1090,1656.87,Debit,Flipkart,2025-12-05 22:11:00,Bengaluru,Mobile,5,26331.83,No,0
TXN102198,CUST1402,2739.26,Debit,Zomato,2025-11-02 03:59:00,Mumbai,Mobile,10,43084.94,No,0
TXN102199,CUST1454,3668.95,Debit,Uber,2025-01-18 17:17:00,Mumbai,ATM,4,12517.91,No,0
TXN102200,CUST1037,50.0,Debit,Walmart,2025-11-24 16:29:00,Kochi,Web,12,142472.13,No,0
TXN102201,CUST1316,729.46,Debit,Google,2025-10-16 12:26:00,Delhi,Web,6,30230.59,Yes,0
TXN102202,CUST1176,345.47,Debit,Uber,2025-05-30 16:38:00,Kolkata,Mobile,5,61604.08,No,0
TXN102203,CUST1461,964.89,Credit,Zomato,2025-11-27 15:11:00,Mumbai,ATM,11,42711.12,No,0
TXN102204,CUST1284,171.97,Credit,Zomato,2025-12-03 07:22:00,Mumbai,Mobile,6,32549.17,No,0
TXN102205,CUST1453,1992.98,Debit,Amazon,2025-11-16 10:54:00,Mumbai,Mobile,6,41705.55,No,0
TXN102206,CUST1461,2122.47,Credit,Swiggy,2025-11-07 16:55:00,Mumbai,Mobile,9,38358.16,No,0
TXN102207,CUST1081,10654.74,Debit,Local Store,2025-12-26 01:19:00,Delhi,Mobile,10,26061.94,No,1
TXN102208,CUST1114,992.1,Debit,Walmart,2025-12-29 01:56:00,Bengaluru,ATM,8,179029.35,No,0
TXN102209,CUST1040,2158.73,Credit,Uber,2025-03-15 09:26:00,Dubai,Mobile,9,68600.58,No,0
TXN102210,CUST1301,2893.76,Debit,Local Store,2025-07-04 08:31:00,Hyderabad,Mobile,6,8994.05,No,0
TXN102211,CUST1224,6117.33,Debit,Walmart,2025-12-05 14:42:00,Chennai,Web,12,65393.92,Yes,0
TXN102212,CUST1318,353.77,Credit,Swiggy,2025-05-29 05:36:00,Chennai,Web,11,31354.44,No,0
TXN102213,CUST1349,2684.48,Debit,Uber,2025-08-03 13:34:00,Chennai,Web,6,101466.01,No,0
TXN102214,CUST1115,1631.96,Credit,Walmart,2025-02-06 10:06:00,Mumbai,Mobile,11,23277.45,No,0
TXN102215,CUST1186,217.66,Debit,Local Store,2025-10-11 14:16:00,Bengaluru,Web,12,5158.05,Yes,0
TXN102216,CUST1323,1750.06,Debit,Flipkart,2025-10-24 16:14:00,Chennai,Mobile,13,22847.17,No,0
TXN102217,CUST1056,2302.11,Debit,Zomato,2025-04-08 07:48:00,Delhi,ATM,3,8941.34,No,0
TXN102218,CUST1040,203.01,Debit,Apple,2025-01-22 14:05:00,Kolkata,Mobile,13,17844.58,No,0
TXN102219,CUST1354,1016.16,Credit,Myntra,2025-08-09 15:15:00,Chennai,Web,4,19378.7,No,0
TXN102220,CUST1040,1186.19,Debit,Google,2025-10-11 06:51:00,Mumbai,Mobile,5,39468.81,No,0
TXN102221,CUST1347,1150.28,Debit,Other,2025-12-30 21:26:00,Pune,Mobile,1,35995.2,No,0
TXN102222,CUST1461,2048.65,Debit,Other,2025-09-29 03:32:00,London,Mobile,8,48051.92,No,0
TXN102223,CUST1237,602.07,Debit,Apple,2025-01-04 23:50:00,Kolkata,Mobile,6,45070.2,No,0
TXN102224,CUST1289,366.98,Debit,Uber,2025-08-25 17:52:00,Bengaluru,Mobile,3,127517.84,No,0
TXN102225,CUST1262,1785.54,Credit,Uber,2025-12-22 09:20:00,Pune,Web,14,29768.21,Yes,0
TXN102226,CUST1216,5281.73,Debit,Walmart,2025-01-25 22:23:00,Delhi,Mobile,9,43723.92,Yes,0
TXN102227,CUST1147,4906.66,Credit,Zomato,2025-05-22 08:41:00,Bengaluru,Web,8,57726.58,Yes,0
TXN102228,CUST1336,11971.32,Credit,Swiggy,2025-12-22 21:33:00,Kochi,Mobile,8,18317.3,No,0
TXN102229,CUST1168,757.12,Debit,Amazon,2025-10-24 21:30:00,Mumbai,Mobile,7,11520.67,No,0
TXN102230,CUST1092,927.17,Debit,ATM,2025-11-03 13:21:00,London,Web,4,39195.27,No,0
TXN102231,CUST1353,127.47,Credit,Walmart,2025-10-25 11:55:00,Pune,Web,8,22034.34,No,0
TXN102232,CUST1059,592.52,Debit,Other,2025-12-18 03:13:00,Kolkata,Mobile,7,53378.42,No,0
TXN102233,CUST1059,225.79,Debit,Amazon,2025-10-18 15:54:00,Pune,Mobile,6,51573.93,No,0
TXN102234,CUST1304,776.46,Debit,Myntra,2025-12-04 06:11:00,Mumbai,Web,5,62431.89,No,0
TXN102235,CUST1169,4280.75,Credit,Local Store,2025-05-20 09:53:00,Delhi,Mobile,10,16491.63,Yes,0
TXN102236,CUST1269,3180.62,Credit,Walmart,2025-01-23 07:01:00,Kochi,Mobile,7,19325.28,No,0
TXN102237,CUST1363,788.74,Credit,ATM,2025-01-02 22:15:00,Kolkata,Web,6,32216.67,No,0
TXN102238,CUST1045,617.09,Debit,Myntra,2025-12-07 13:19:00,Dubai,Mobile,5,26013.96,No,0
TXN102239,CUST1345,486.67,Debit,Google,2025-02-01 16:19:00,Dubai,Mobile,6,41874.55,No,0
TXN102240,CUST1181,2598.5,Debit,Walmart,2025-06-25 06:28:00,London,ATM,11,82463.9,No,0
TXN102241,CUST1170,801.4,Debit,Other,2025-10-14 15:15:00,Pune,Web,11,27589.77,No,0
TXN102242,CUST1356,1427.87,Debit,Zomato,2025-02-15 05:49:00,Delhi,Mobile,7,10757.16,No,0
TXN102243,CUST1191,2141.46,Credit,Zomato,2025-01-19 11:36:00,Bengaluru,Mobile,7,6869.67,No,0
TXN102244,CUST1155,2302.48,Credit,Uber,2025-05-09 21:59:00,,Mobile,9,11282.19,No,0
TXN102245,CUST1422,67.69,Debit,Google,2025-05-24 16:23:00,Hyderabad,Web,9,11006.93,No,0
TXN102246,CUST1188,1921.38,Debit,Other,2025-06-10 15:18:00,Hyderabad,Web,7,49041.55,No,0
TXN102247,CUST1007,1211.14,Debit,Uber,2025-09-02 16:45:00,Bengaluru,Mobile,5,28682.41,No,0
TXN102248,CUST1133,180.74,Debit,Amazon,2025-07-19 17:43:00,Dubai,Mobile,10,31447.02,No,0
TXN102249,CUST1235,4365.88,Credit,Apple,2025-09-08 21:49:00,Kochi,Mobile,5,51084.27,No,0
TXN102250,CUST1045,1336.48,Credit,Swiggy,2025-02-08 19:03:00,Kolkata,Mobile,6,82635.44,No,0
TXN102251,CUST1314,233.14,Debit,Google,2025-05-01 05:15:00,Mumbai,Web,7,25691.5,No,0
TXN102252,CUST1249,612.51,Debit,Local Store,2025-12-11 04:54:00,Kolkata,Mobile,4,51898.88,No,0
TXN102253,CUST1499,888.53,Debit,Other,2025-12-16 12:43:00,Delhi,Mobile,11,38721.19,Yes,0
TXN102254,CUST1031,14955.23,Debit,Swiggy,2025-10-11 18:24:00,Mumbai,Mobile,3,9246.38,No,0
TXN102255,CUST1023,457.59,Debit,Swiggy,2025-07-13 09:35:00,Hyderabad,Mobile,7,9766.94,No,0
TXN102256,CUST1426,550.66,Debit,Other,2025-04-04 21:23:00,Mumbai,Mobile,6,23043.49,No,0
TXN102257,CUST1394,1312.82,Debit,Other,2025-06-22 03:48:00,Delhi,Mobile,10,34464.44,No,0
TXN102258,CUST1160,9330.59,Credit,Flipkart,2025-05-14 08:03:00,Kolkata,Web,12,42635.24,No,0
TXN102259,CUST1363,869.63,Debit,Other,2025-12-12 13:19:00,Mumbai,ATM,14,25635.74,No,0
TXN102260,CUST1437,701.53,Debit,ATM,2025-07-10 16:37:00,London,ATM,6,8331.85,No,0
TXN102261,CUST1158,1312.83,Debit,Walmart,2025-04-04 08:45:00,Chennai,Mobile,5,22564.33,No,0
TXN102262,CUST1039,788.46,Debit,Local Store,2025-10-08 05:51:00,Hyderabad,Web,3,7493.72,No,0
TXN102263,CUST1415,777.03,Debit,Google,2025-04-25 16:09:00,Mumbai,ATM,10,25501.5,No,0
TXN102264,CUST1082,2870.97,Debit,Uber,2025-04-17 19:57:00,Chennai,Mobile,10,45268.74,No,0
TXN102265,CUST1356,667.06,Debit,Amazon,2025-05-04 07:57:00,Hyderabad,Mobile,8,41012.91,No,0
TXN102266,CUST1258,771.94,Debit,Walmart,2025-10-14 14:56:00,Bengaluru,Mobile,4,20400.48,No,0
TXN102267,CUST1206,2981.53,Credit,Other,2025-11-29 06:14:00,Delhi,Mobile,6,40270.87,No,0
TXN102268,CUST1077,262.68,Debit,Flipkart,2025-11-06 03:10:00,Hyderabad,Web,5,12837.74,No,0
TXN102269,CUST1477,775.16,Credit,Amazon,2025-07-19 19:10:00,Pune,Mobile,13,18372.7,No,0
TXN102270,CUST1012,207.6,Debit,Google,2025-12-11 18:00:00,Delhi,Mobile,7,8582.08,No,0
TXN102271,CUST1295,665.91,Debit,Apple,2025-10-21 23:50:00,Chennai,Mobile,2,19960.07,Yes,0
TXN102272,CUST1450,772.23,Debit,Swiggy,2025-10-08 06:01:00,Pune,Mobile,10,16622.49,No,0
TXN102273,CUST1224,785.36,Debit,ATM,2025-04-30 14:57:00,Chennai,Mobile,3,21880.58,No,0
TXN102274,CUST1013,742.29,Credit,Other,2025-06-05 13:41:00,Kochi,Mobile,3,24250.61,No,1
TXN102275,CUST1046,1452.2,Credit,Flipkart,2025-07-25 06:39:00,Dubai,Mobile,8,35847.32,No,0
TXN102276,CUST1155,358.57,Credit,Amazon,2025-12-20 01:53:00,Hyderabad,Web,15,6818.0,No,0
TXN102277,CUST1113,1619.86,Credit,Uber,2025-08-08 16:43:00,Dubai,Web,9,15600.47,No,0
TXN102278,CUST1233,661.07,Debit,ATM,2025-03-23 03:21:00,Kochi,Web,10,61933.09,No,0
TXN102279,CUST1017,2340.65,Debit,ATM,2025-04-29 00:14:00,Dubai,Web,9,62737.9,No,0
TXN102280,CUST1360,1030.36,Debit,Flipkart,2025-03-02 04:54:00,Kolkata,Web,9,31001.34,No,0
TXN102281,CUST1223,606.73,Credit,Amazon,2025-06-14 15:08:00,Bengaluru,Web,9,31506.3,No,0
TXN102282,CUST1354,295.77,Credit,Flipkart,2025-03-12 10:07:00,Dubai,Web,12,12766.29,No,0
TXN102283,CUST1188,1475.09,Debit,Uber,2025-12-10 00:40:00,Bengaluru,Web,7,22470.19,No,0
TXN102284,CUST1448,904.85,Credit,Uber,2025-10-20 18:34:00,Bengaluru,Mobile,9,55082.35,No,0
TXN102285,CUST1344,4734.77,Debit,Local Store,2025-06-14 05:40:00,Bengaluru,Mobile,10,11691.56,No,0
TXN102286,CUST1365,5107.8,Debit,Zomato,2025-05-27 15:04:00,Hyderabad,Web,7,33140.53,No,0
TXN102287,CUST1163,674.36,Debit,Swiggy,2025-01-26 11:23:00,Delhi,Mobile,6,45147.01,No,0
TXN102288,CUST1496,103.81,Debit,Walmart,2025-03-21 05:31:00,Pune,Mobile,7,30807.8,No,0
TXN102289,CUST1326,2661.21,Credit,Other,2025-03-23 19:17:00,Dubai,Mobile,8,26592.54,No,0
TXN102290,CUST1467,644.11,Debit,Walmart,2025-10-13 07:14:00,Chennai,Mobile,9,26388.22,No,0
TXN102291,CUST1414,772.75,Debit,ATM,2025-08-14 15:34:00,London,ATM,9,43279.47,No,0
TXN102292,CUST1455,3621.71,Debit,,2025-07-23 21:44:00,Dubai,Mobile,6,34404.61,Yes,1
TXN102293,CUST1074,1552.06,Debit,Google,2025-07-18 09:53:00,Chennai,Mobile,11,43081.88,No,0
TXN102294,CUST1233,2560.5,Debit,Myntra,2025-11-19 10:30:00,Hyderabad,Mobile,4,22581.12,No,0
TXN102295,CUST1224,3175.87,Debit,Google,2025-05-13 02:46:00,Kochi,Web,4,23374.73,No,0
TXN102296,CUST1482,926.77,Debit,Myntra,2025-03-17 22:53:00,Delhi,Web,7,44877.17,No,0
TXN102297,CUST1319,2173.81,Debit,Flipkart,2025-03-27 22:08:00,Pune,Web,7,15231.09,No,0
TXN102298,CUST1412,1218.61,Debit,Myntra,2025-10-27 08:18:00,Pune,Web,4,12752.51,No,0
TXN102299,CUST1060,1880.75,Credit,Zomato,2025-09-27 14:27:00,Mumbai,Mobile,6,163508.11,No,0
TXN102300,CUST1335,1281.38,Debit,Zomato,2025-03-03 03:39:00,Chennai,Mobile,13,40824.35,No,0
TXN102301,CUST1222,4275.94,Debit,Swiggy,2025-11-04 00:56:00,Delhi,Mobile,11,24729.92,No,0
TXN102302,CUST1037,304.54,Debit,Amazon,2025-05-18 17:03:00,Chennai,Web,10,17659.44,No,0
TXN102303,CUST1477,710.6,Debit,Walmart,2025-12-21 23:22:00,Delhi,Web,7,14925.54,No,0
TXN102304,CUST1278,1003.26,Debit,Swiggy,2025-11-25 20:53:00,Kochi,Mobile,3,28677.91,No,0
TXN102305,CUST1196,1237.36,Credit,Zomato,2025-07-04 07:26:00,Delhi,Mobile,7,27679.6,No,0
TXN102306,CUST1404,304.11,Credit,Amazon,2025-08-17 13:25:00,London,Mobile,10,41318.99,No,0
TXN102307,CUST1352,521.32,Credit,Google,2025-02-26 22:12:00,Mumbai,Web,11,11221.51,No,0
TXN102308,CUST1484,1137.91,Debit,Walmart,2025-08-23 11:09:00,Pune,Mobile,12,11569.81,No,0
TXN102309,CUST1242,636.65,Debit,Local Store,2025-02-08 00:02:00,Kolkata,Mobile,12,36135.01,No,0
TXN102310,CUST1324,197.33,Credit,Walmart,2025-05-07 07:30:00,London,Mobile,7,,Yes,0
TXN102311,CUST1219,761.56,Debit,ATM,2025-07-06 20:05:00,Pune,Web,7,58556.68,No,0
TXN102312,CUST1192,325.88,Debit,Flipkart,2025-03-23 13:53:00,Bengaluru,Web,12,103385.62,No,0
TXN102313,CUST1017,2000.12,Credit,Apple,2025-12-08 19:59:00,London,Mobile,11,24294.25,No,0
TXN102314,CUST1012,1472.37,Debit,Walmart,2025-07-08 00:21:00,Kolkata,Web,8,49176.39,No,0
TXN102315,CUST1406,2699.25,Debit,Zomato,2025-09-30 01:35:00,Chennai,Mobile,8,13623.29,No,0
TXN102316,CUST1401,1350.72,Debit,Flipkart,2025-12-30 09:00:00,Kolkata,ATM,8,4276.21,No,0
TXN102317,CUST1394,374.79,Debit,Uber,2025-08-14 23:57:00,Dubai,Mobile,5,14265.38,No,0
TXN102318,CUST1374,50.0,Debit,Myntra,2025-04-19 22:37:00,Delhi,Web,4,20756.9,No,0
TXN102319,CUST1193,3439.47,Debit,Google,2025-12-03 17:35:00,Hyderabad,Mobile,8,149186.09,No,0
TXN102320,CUST1022,715.91,Debit,Local Store,2025-11-04 16:26:00,Kochi,Mobile,5,8541.9,No,0
TXN102321,CUST1474,117.65,Debit,Google,2025-08-21 14:03:00,Pune,Web,8,51834.04,No,0
TXN102322,CUST1120,5257.87,Debit,Uber,2025-03-25 09:02:00,Delhi,Mobile,4,19079.18,Yes,0
TXN102323,CUST1210,1953.2,Credit,Other,2025-01-09 09:40:00,Chennai,Mobile,9,43184.96,No,0
TXN102324,CUST1306,5183.28,Debit,Apple,2025-08-10 15:25:00,Bengaluru,Mobile,6,30691.14,No,0
TXN102325,CUST1270,1681.5,Debit,Walmart,2025-09-29 00:30:00,Pune,Mobile,7,14972.24,No,0
TXN102326,CUST1192,2131.69,Debit,ATM,2025-05-16 01:12:00,Kochi,Mobile,4,64109.73,No,0
TXN102327,CUST1175,659.51,Credit,Swiggy,2025-06-12 15:16:00,Bengaluru,Mobile,10,41629.04,No,0
TXN102328,CUST1285,2234.09,Debit,Flipkart,2025-05-25 04:09:00,Hyderabad,Web,11,29408.68,No,0
TXN102329,CUST1204,7600.72,Debit,Local Store,2025-07-16 12:46:00,Chennai,Web,10,37060.68,No,0
TXN102330,CUST1164,2514.57,Debit,Uber,2025-07-10 03:33:00,Pune,Mobile,11,21625.2,No,0
TXN102331,CUST1251,767.95,Credit,Apple,2025-07-09 14:22:00,Chennai,Web,4,6976.85,No,0
TXN102332,CUST1227,295.83,Debit,Google,2025-12-08 01:21:00,Chennai,ATM,7,32340.62,No,0
TXN102333,CUST1436,3444.97,Debit,ATM,2025-05-23 04:00:00,Chennai,Mobile,9,157941.48,No,0
TXN102334,CUST1381,1162.79,Debit,ATM,2025-07-15 04:35:00,Kolkata,Mobile,6,56048.03,No,0
TXN102335,CUST1460,1214.71,Debit,Uber,2025-03-06 11:56:00,Mumbai,Web,8,37044.16,No,0
TXN102336,CUST1007,151.51,Credit,Local Store,2025-12-31 07:44:00,Hyderabad,Web,9,39698.81,No,0
TXN102337,CUST1029,140.94,Credit,Local Store,2025-08-02 16:00:00,Dubai,,11,29706.21,No,0
TXN102338,CUST1395,1194.43,Debit,Apple,2025-05-07 13:00:00,Bengaluru,Mobile,9,5539.51,No,0
TXN102339,CUST1033,446.22,Credit,Other,2025-03-21 02:56:00,Mumbai,Mobile,2,13511.87,No,0
TXN102340,CUST1134,1352.05,Debit,Google,2025-01-12 07:19:00,London,ATM,12,28349.16,No,0
TXN102341,CUST1367,2845.17,Debit,Zomato,2025-05-19 16:57:00,Mumbai,Mobile,6,59428.13,No,0
TXN102342,CUST1079,622.03,Debit,Other,2025-03-14 01:11:00,Delhi,ATM,12,117366.13,Yes,0
TXN102343,CUST1416,1385.26,Debit,Other,2025-09-12 13:37:00,Chennai,Mobile,6,13264.48,No,0
TXN102344,CUST1435,975.6,Credit,Local Store,2025-02-19 13:46:00,Kochi,Mobile,9,48647.39,No,0
TXN102345,CUST1459,20995.99,Debit,Flipkart,2025-03-01 19:24:00,Mumbai,Mobile,11,5582.37,No,0
TXN102346,CUST1058,646.85,Debit,Flipkart,2025-09-13 11:34:00,Kochi,Web,12,23189.12,No,0
TXN102347,CUST1471,545.73,Debit,Myntra,2025-08-22 11:19:00,Bengaluru,Mobile,5,29112.6,No,0
TXN102348,CUST1026,695.77,Debit,Google,2025-03-05 19:51:00,Mumbai,Mobile,13,105236.49,No,0
TXN102349,CUST1482,3513.61,Debit,Uber,2025-11-23 17:29:00,Pune,ATM,10,16121.08,No,0
TXN102350,CUST1430,668.18,Debit,Flipkart,2025-11-07 14:04:00,London,ATM,4,22900.91,No,0
TXN102351,CUST1226,2299.06,Credit,Apple,2025-06-03 12:54:00,Chennai,Mobile,5,62584.12,Yes,0
TXN102352,CUST1285,1135.97,Debit,ATM,2025-09-19 03:16:00,Kochi,Mobile,4,17152.73,No,0
TXN102353,CUST1004,1167.06,Debit,Uber,2025-06-15 02:03:00,Hyderabad,Web,14,19992.17,No,0
TXN102354,CUST1465,5434.13,Credit,Google,2025-08-20 10:32:00,Delhi,Web,4,10086.04,No,0
TXN102355,CUST1099,180.18,Credit,Apple,2025-10-13 15:24:00,Hyderabad,Mobile,5,47451.96,No,0
TXN102356,CUST1397,1252.57,Debit,Walmart,2025-02-27 12:06:00,Delhi,ATM,6,10150.32,No,0
TXN102357,CUST1489,2202.41,Credit,Amazon,2025-06-09 18:57:00,Hyderabad,Mobile,10,65465.06,No,0
TXN102358,CUST1039,1625.58,Debit,Flipkart,2025-05-18 03:18:00,Hyderabad,Web,7,11659.24,No,0
TXN102359,CUST1271,253.13,Debit,Flipkart,2025-12-05 11:56:00,Chennai,Mobile,8,16848.21,No,0
TXN102360,CUST1375,350.89,Debit,Myntra,2025-08-05 12:33:00,Chennai,Mobile,10,12341.11,No,0
TXN102361,CUST1285,1448.44,Credit,Zomato,2025-12-07 01:49:00,Dubai,Mobile,8,24048.15,No,0
TXN102362,CUST1157,106.12,Debit,Myntra,2025-10-31 21:05:00,London,Web,14,66666.13,Yes,1
TXN102363,CUST1075,645.77,Debit,Google,2025-06-11 06:04:00,Pune,ATM,5,17608.05,No,0
TXN102364,CUST1372,320.45,Debit,Myntra,2025-09-06 07:06:00,Hyderabad,Mobile,9,14251.39,No,0
TXN102365,CUST1288,1329.65,Credit,Zomato,2025-11-03 05:40:00,Mumbai,Mobile,11,29341.49,No,0
TXN102366,CUST1130,937.12,Debit,Zomato,2025-05-07 07:11:00,Pune,Mobile,11,28289.71,No,0
TXN102367,CUST1175,1602.04,Debit,Local Store,2025-08-26 04:38:00,London,ATM,5,49452.56,Yes,0
TXN102368,CUST1462,460.73,Debit,ATM,2025-12-13 04:32:00,Mumbai,ATM,7,11088.45,No,0
TXN102369,CUST1084,1430.01,Credit,Local Store,2025-09-04 16:39:00,Kochi,Web,6,35542.42,No,0
TXN102370,CUST1022,1100.71,Credit,Amazon,2025-11-27 01:18:00,London,Mobile,5,75350.54,No,1
TXN102371,CUST1459,464.63,Debit,Apple,2025-07-24 05:07:00,Dubai,ATM,10,13888.42,Yes,0
TXN102372,CUST1027,3277.46,Debit,Other,2025-09-21 14:33:00,Bengaluru,Mobile,3,34300.99,No,0
TXN102373,CUST1195,2206.68,Credit,Walmart,2025-12-10 17:15:00,Chennai,Mobile,5,13866.1,No,0
TXN102374,CUST1337,579.41,Debit,Zomato,2025-06-13 21:18:00,Mumbai,Mobile,11,67605.47,No,0
TXN102375,CUST1382,498.86,Credit,Walmart,2025-11-24 12:04:00,Delhi,Mobile,9,105784.46,No,0
TXN102376,CUST1236,2775.8,Credit,ATM,2025-10-31 04:47:00,Bengaluru,Web,9,12172.69,Yes,0
TXN102377,CUST1440,218.76,Debit,Flipkart,2025-07-25 23:49:00,Hyderabad,Web,12,37001.1,No,0
TXN102378,CUST1092,301.08,Debit,Swiggy,2025-06-30 03:58:00,Pune,Mobile,8,38865.58,No,0
TXN102379,CUST1477,1772.36,Debit,Amazon,2025-04-15 12:48:00,Mumbai,Mobile,6,32863.86,No,0
TXN102380,CUST1021,6734.75,Debit,Google,2025-11-22 00:11:00,Hyderabad,Mobile,10,25090.11,No,0
TXN102381,CUST1303,599.22,Debit,ATM,2025-07-26 17:38:00,Kolkata,Mobile,5,19370.83,No,0
TXN102382,CUST1464,672.01,Debit,Uber,2025-08-03 15:06:00,Kolkata,Mobile,6,9189.29,No,0
TXN102383,CUST1357,880.4,Debit,Walmart,2025-07-11 08:33:00,Pune,Mobile,7,26325.47,No,0
TXN102384,CUST1443,682.98,Debit,Myntra,2025-07-27 11:43:00,Chennai,Web,9,56846.61,No,0
TXN102385,CUST1084,N/A,Debit,Zomato,2025-06-10 13:02:00,Pune,ATM,5,68030.21,No,0
TXN102386,CUST1262,594.03,Debit,Walmart,2025-11-14 06:03:00,Delhi,ATM,8,34021.02,No,0
TXN102387,CUST1147,1322.77,Credit,Other,2025-03-03 19:57:00,Chennai,ATM,7,14166.21,No,0
TXN102388,CUST1441,2194.64,Debit,Uber,2025-05-11 21:27:00,Pune,Web,14,11380.07,No,0
TXN102389,CUST1453,1284.52,Credit,Zomato,2025-01-13 13:14:00,Mumbai,Mobile,5,18701.6,No,0
TXN102390,CUST1387,932.32,Debit,Google,2025-07-22 20:27:00,Hyderabad,ATM,7,7096.98,No,0
TXN102391,CUST1257,597.27,Debit,Other,2025-12-03 13:52:00,Mumbai,Mobile,12,4481.81,No,0
TXN102392,CUST1058,338.33,Credit,Swiggy,2025-01-12 03:41:00,Hyderabad,Web,9,10841.84,No,0
TXN102393,CUST1380,299.24,Debit,Myntra,2025-11-10 12:02:00,Hyderabad,Mobile,8,37568.82,No,0
TXN102394,CUST1422,245.13,Debit,Walmart,2025-04-22 00:42:00,Kochi,Web,7,8700.52,No,0
TXN102395,CUST1015,2062.64,Debit,Local Store,2025-11-11 17:42:00,Chennai,Mobile,8,38050.87,No,0
TXN102396,CUST1162,612.59,Debit,Amazon,2025-07-17 21:04:00,London,Mobile,7,15991.31,No,0
TXN102397,CUST1445,1631.12,Debit,Walmart,2025-09-20 17:36:00,Delhi,Mobile,6,73283.43,No,0
TXN102398,CUST1163,536.97,Debit,Walmart,2025-12-15 17:35:00,Bengaluru,Mobile,7,18946.58,No,0
TXN102399,CUST1320,1019.2,Debit,Uber,2025-06-28 03:05:00,Chennai,ATM,8,21027.32,No,0
TXN102400,CUST1497,781.48,Debit,Uber,2025-05-24 10:28:00,Delhi,Mobile,5,16937.13,No,0
TXN102401,CUST1281,5289.37,Debit,Other,2025-11-18 07:16:00,Kolkata,Mobile,10,17204.52,No,0
TXN102402,CUST1280,681.08,Debit,Amazon,2025-11-10 04:23:00,Chennai,ATM,5,31758.94,No,0
TXN102403,CUST1012,2545.77,Debit,Walmart,2025-11-22 08:55:00,Bengaluru,Web,7,36869.61,No,0
TXN102404,CUST1274,271.27,Debit,Apple,2025-12-11 10:45:00,Kochi,Mobile,11,28730.41,No,0
TXN102405,CUST1271,4246.71,Credit,Google,2025-01-10 04:33:00,Chennai,Mobile,4,11443.08,No,0
TXN102406,CUST1492,2513.22,Debit,Uber,2025-12-02 13:56:00,Kochi,Mobile,11,40338.42,No,0
TXN102407,CUST1208,609.34,Debit,Uber,2025-08-19 23:17:00,Kolkata,ATM,10,11998.66,No,0
TXN102408,CUST1027,600.06,Debit,Other,2025-10-19 00:08:00,Mumbai,Web,13,13149.01,No,0
TXN102409,CUST1072,3613.47,Credit,ATM,2025-09-15 08:48:00,Hyderabad,ATM,6,19436.8,No,0
TXN102410,CUST1060,2781.67,Debit,Apple,2025-05-31 21:54:00,Chennai,Mobile,5,53175.37,No,0
TXN102411,CUST1430,866.09,Credit,Zomato,2025-12-04 03:54:00,Kochi,Mobile,9,12657.84,No,0
TXN102412,CUST1473,464.17,Debit,ATM,2025-04-18 06:15:00,Chennai,Mobile,6,39169.03,No,0
TXN102413,CUST1145,3215.99,Debit,Walmart,2025-08-11 10:24:00,Hyderabad,Web,10,4331.29,Yes,0
TXN102414,CUST1093,684.13,Credit,Amazon,2025-07-18 11:30:00,Delhi,Mobile,12,43440.67,No,0
TXN102415,CUST1309,1533.86,Debit,Uber,2025-08-11 21:21:00,Bengaluru,Mobile,9,65114.85,No,0
TXN102416,CUST1008,620.26,Debit,Amazon,2025-10-25 02:58:00,Mumbai,Mobile,12,46901.68,No,0
TXN102417,CUST1079,880.36,Credit,Amazon,2025-12-11 15:23:00,Kochi,Mobile,4,28631.66,No,0
TXN102418,CUST1027,7363.2,Credit,Google,2025-07-08 10:45:00,Mumbai,Web,9,17645.85,No,0
TXN102419,CUST1174,1015.79,Debit,Local Store,2025-04-09 22:42:00,London,Mobile,5,14677.6,No,0
TXN102420,CUST1050,4621.63,Debit,Uber,2025-01-01 17:31:00,Kochi,Mobile,15,15761.42,No,0
TXN102421,CUST1500,239.34,Credit,ATM,2025-02-24 05:56:00,Hyderabad,Mobile,4,18940.99,No,0
TXN102422,CUST1199,193.78,Debit,Myntra,2025-09-24 22:10:00,Mumbai,ATM,7,59947.8,No,0
TXN102423,CUST1387,1964.49,Credit,Zomato,2025-06-08 23:31:00,Mumbai,Mobile,11,27157.91,No,0
TXN102424,CUST1349,508.14,Debit,Amazon,2025-08-02 03:01:00,Kolkata,Mobile,5,53523.76,No,0
TXN102425,CUST1448,1071.06,Debit,Uber,2025-12-27 16:25:00,Hyderabad,Mobile,7,291396.24,No,0
TXN102426,CUST1428,131.69,Credit,Other,2025-09-24 01:52:00,London,Mobile,8,102693.04,Yes,0
TXN102427,CUST1181,143.72,Debit,Zomato,2025-12-30 14:02:00,Delhi,ATM,13,29387.4,No,0
TXN102428,CUST1024,1112.38,Debit,Myntra,2025-06-07 08:12:00,Mumbai,Mobile,8,19538.34,No,0
TXN102429,CUST1316,675.58,Debit,Uber,2025-04-02 05:39:00,Kolkata,ATM,11,55545.6,No,0
TXN102430,CUST1378,784.37,Debit,Walmart,2025-06-07 02:56:00,Mumbai,Mobile,7,55482.03,No,0
TXN102431,CUST1387,5815.35,Debit,Amazon,2025-10-20 00:59:00,Kochi,ATM,3,44507.62,No,0
TXN102432,CUST1404,1765.52,Credit,Myntra,2025-12-20 18:21:00,Delhi,Web,3,89893.69,No,0
TXN102433,CUST1046,9365.91,Debit,Walmart,2025-05-21 20:34:00,Chennai,Web,6,14642.59,No,0
TXN102434,CUST1015,1182.97,Debit,Amazon,2025-11-30 15:21:00,Bengaluru,Web,4,36856.36,No,0
TXN102435,CUST1153,4890.37,Credit,Flipkart,2025-06-08 00:59:00,Kochi,Mobile,6,28919.23,No,0
TXN102436,CUST1222,2931.92,Debit,ATM,2025-09-02 12:23:00,Delhi,Mobile,6,49593.29,No,0
TXN102437,CUST1206,661.47,Debit,Swiggy,2025-07-05 12:16:00,London,Mobile,8,21043.63,Yes,0
TXN102438,CUST1455,922.67,Debit,Apple,2025-10-23 16:07:00,Chennai,Mobile,7,39191.02,No,0
TXN102439,CUST1273,769.14,Credit,Amazon,2025-04-05 04:39:00,Hyderabad,Web,5,7777.63,Yes,0
TXN102440,CUST1382,3211.17,Debit,Myntra,2025-01-15 03:49:00,Bengaluru,Mobile,6,29295.79,Yes,0
TXN102441,CUST1236,1445.3,Debit,Myntra,2025-05-02 22:35:00,Delhi,Web,5,107361.17,No,0
TXN102442,CUST1340,437.23,Debit,Swiggy,2025-09-26 00:26:00,Mumbai,Mobile,7,20138.63,Yes,0
TXN102443,CUST1228,302.64,Debit,Uber,2025-08-13 19:20:00,Chennai,Mobile,13,27548.3,No,0
TXN102444,CUST1009,313.21,Debit,Other,2025-01-03 07:58:00,Kolkata,ATM,9,66307.55,No,0
TXN102445,CUST1166,447.8,Debit,Apple,2025-09-01 12:39:00,Delhi,Web,7,42329.2,No,0
TXN102446,CUST1432,424.78,Debit,Zomato,2025-12-14 23:50:00,Bengaluru,Web,5,8236.96,No,0
TXN102447,CUST1444,328.01,Credit,Amazon,2025-06-25 09:17:00,Mumbai,Web,8,26760.52,No,0
TXN102448,CUST1319,3366.45,Debit,Uber,2025-05-25 03:56:00,Pune,ATM,8,39635.63,No,0
TXN102449,CUST1214,237.35,Debit,Walmart,2025-06-08 10:09:00,Bengaluru,Mobile,7,82882.14,Yes,0
TXN102450,CUST1117,1644.71,Debit,Zomato,2025-08-17 10:33:00,Hyderabad,Web,10,71997.57,No,0
TXN102451,CUST1386,10723.74,Debit,Apple,2025-02-08 18:05:00,Hyderabad,Mobile,10,28333.66,No,0
TXN102452,CUST1344,1196.38,Debit,Uber,2025-04-23 19:01:00,Pune,Mobile,5,47882.77,Yes,0
TXN102453,CUST1072,1200.27,Debit,Local Store,2025-05-25 08:09:00,Kochi,Mobile,11,28038.27,No,0
TXN102454,CUST1395,1377.31,Debit,Zomato,2025-06-15 14:43:00,Hyderabad,Mobile,9,20385.07,No,0
TXN102455,CUST1064,250.45,Credit,Google,2025-09-30 14:31:00,Hyderabad,Mobile,6,67637.32,No,0
TXN102456,CUST1205,1691.41,Debit,Google,2025-01-31 14:01:00,Dubai,ATM,14,64318.21,Yes,0
TXN102457,CUST1209,1533.4,Debit,Amazon,2025-07-07 14:26:00,London,Web,7,36381.43,No,0
TXN102458,CUST1072,1052.89,Debit,Amazon,2025-08-19 12:07:00,Kolkata,Mobile,6,18216.4,Yes,0
TXN102459,CUST1277,202.5,Debit,Amazon,2025-03-16 16:04:00,London,Mobile,12,29141.51,No,0
TXN102460,CUST1274,7283.57,Debit,Apple,2025-06-01 14:26:00,Kolkata,Mobile,8,30612.34,No,0
TXN102461,CUST1478,1390.42,Debit,Other,2025-03-21 00:16:00,Pune,Mobile,9,59382.76,No,0
TXN102462,CUST1320,322.92,Debit,Other,2025-05-06 08:14:00,Mumbai,Web,9,23645.08,No,0
TXN102463,CUST1338,401.52,Credit,Local Store,2025-05-15 00:11:00,Mumbai,Mobile,8,30371.92,No,0
TXN102464,CUST1366,504.04,Debit,Uber,2025-07-12 21:45:00,Chennai,Mobile,8,34209.6,No,0
TXN102465,CUST1495,5365.09,Debit,Walmart,2025-08-26 06:38:00,Kochi,ATM,8,24289.03,No,0
TXN102466,CUST1095,968.9,Debit,Flipkart,2025-07-06 10:09:00,Dubai,Web,5,36030.85,No,0
TXN102467,CUST1166,969.25,Debit,Myntra,2025-07-15 02:06:00,Kolkata,Web,10,32325.77,No,0
TXN102468,CUST1032,645.57,Debit,Walmart,2025-08-25 09:21:00,Hyderabad,Web,5,16124.2,No,0
TXN102469,CUST1011,3057.9,Credit,Uber,2025-06-14 03:31:00,Chennai,Mobile,6,19595.9,No,0
TXN102470,CUST1301,3222.5,Debit,Local Store,2025-03-28 12:31:00,Bengaluru,Mobile,7,10338.52,Yes,1
TXN102471,CUST1217,241.48,Credit,Apple,2025-12-14 21:41:00,Bengaluru,Web,9,17082.21,No,0
TXN102472,CUST1289,991.74,Credit,Zomato,2025-07-05 08:29:00,Delhi,Web,15,86676.84,No,0
TXN102473,CUST1102,884.11,Debit,Walmart,2025-04-16 03:46:00,London,Mobile,7,48835.39,No,0
TXN102474,CUST1425,422.46,Debit,Zomato,2025-07-18 15:53:00,Chennai,Mobile,4,16281.44,Yes,0
TXN102475,CUST1392,612.87,Debit,Flipkart,2025-04-22 00:52:00,Chennai,Web,9,25751.6,No,0
TXN102476,CUST1267,819.13,Debit,Other,2025-03-19 11:36:00,Delhi,Mobile,7,15486.64,No,0
TXN102477,CUST1214,400.27,Credit,Uber,2025-10-21 13:39:00,Hyderabad,Mobile,7,51256.87,No,0
TXN102478,CUST1179,1469.23,Debit,ATM,2025-02-23 20:05:00,Dubai,Mobile,9,35912.38,No,0
TXN102479,CUST1088,1437.58,Credit,Local Store,2025-01-10 13:40:00,Hyderabad,Mobile,5,49601.43,No,0
TXN102480,CUST1041,1840.35,Debit,Uber,2025-07-06 14:53:00,Hyderabad,Mobile,6,23465.64,No,0
TXN102481,CUST1401,686.84,Credit,Myntra,2025-11-05 19:49:00,Bengaluru,Mobile,11,62982.72,No,0
TXN102482,CUST1076,127.8,Credit,Apple,2025-03-14 08:28:00,Chennai,Web,8,12164.32,No,0
TXN102483,CUST1377,537.07,Debit,Myntra,2025-01-18 23:41:00,Delhi,Mobile,5,19058.67,No,0
TXN102484,CUST1046,383.04,Debit,Uber,2025-10-22 22:44:00,Bengaluru,Mobile,12,22058.74,No,0
TXN102485,CUST1160,925.65,Debit,Myntra,2025-11-21 22:47:00,Mumbai,Mobile,7,54260.32,No,0
TXN102486,CUST1463,1944.18,Credit,Other,2025-07-13 08:04:00,Mumbai,ATM,11,19781.25,No,0
TXN102487,CUST1080,7258.67,Credit,Swiggy,2025-07-26 15:44:00,Chennai,Mobile,10,14405.67,No,0
TXN102488,CUST1310,443.23,Credit,Uber,2025-09-06 01:46:00,Chennai,Mobile,4,29940.56,No,0
TXN102489,CUST1086,1246.09,Debit,Local Store,2025-09-26 07:10:00,Delhi,Web,5,184944.18,No,0
TXN102490,CUST1092,1305.96,Debit,Walmart,2025-04-30 19:02:00,Kolkata,Mobile,4,14296.99,No,0
TXN102491,CUST1148,4629.62,Credit,Local Store,2025-12-19 18:34:00,London,Web,9,75288.54,No,0
TXN102492,CUST1161,1366.42,Debit,Swiggy,2025-05-24 09:26:00,Bengaluru,Mobile,12,29561.54,No,0
TXN102493,CUST1202,762.01,Credit,ATM,2025-11-09 08:17:00,Chennai,ATM,9,29859.77,No,0
TXN102494,CUST1424,1050.99,Debit,Walmart,2025-04-09 05:29:00,Chennai,ATM,14,18919.92,No,0
TXN102495,CUST1416,1552.92,Debit,Swiggy,2025-04-07 02:59:00,Mumbai,ATM,8,47521.98,No,0
TXN102496,CUST1242,2295.91,Debit,Walmart,2025-07-25 12:00:00,Kolkata,Mobile,9,64784.99,No,0
TXN102497,CUST1353,6012.74,Debit,ATM,2025-04-05 00:10:00,Kochi,ATM,4,91928.34,Yes,0
TXN102498,CUST1002,5429.6,Debit,Local Store,2025-11-08 08:57:00,Kolkata,Mobile,10,36837.24,No,0
TXN102499,CUST1225,511.39,Debit,ATM,2025-12-08 13:10:00,Bengaluru,Web,9,17694.83,No,0
TXN100648,CUST1453,129.69,Debit,Myntra,2025-03-30 22:06:00,London,Web,6,68740.61,No,0
TXN100331,CUST1352,522.13,Credit,Myntra,2025-08-03 07:43:00,Pune,Mobile,6,31397.59,No,0
TXN101158,CUST1277,1408.48,Debit,Flipkart,2025-12-19 14:12:00,Kolkata,Mobile,8,22897.47,No,0
TXN102300,CUST1335,1281.38,Debit,Zomato,2025-03-03 03:39:00,Chennai,Mobile,13,40824.35,No,0
TXN101967,CUST1016,5487.26,Credit,Google,2025-12-31 05:20:00,Chennai,Mobile,2,27940.42,No,0
TXN100510,CUST1299,6644.97,Credit,Zomato,2025-06-26 14:31:00,Chennai,Web,3,91552.9,Yes,0
TXN100027,CUST1386,526.02,Debit,Zomato,2025-04-09 04:38:00,Hyderabad,Mobile,8,32373.85,No,0
TXN100717,CUST1242,1521.23,Credit,Apple,2025-10-25 00:57:00,Kochi,Mobile,7,85229.75,No,0
TXN101972,CUST1469,531.43,Debit,Zomato,2025-01-26 07:48:00,Chennai,Web,4,126090.53,No,0
TXN101964,CUST1047,247.44,Debit,Google,2025-04-22 20:41:00,Kochi,Mobile,9,18723.24,No,0
TXN101625,CUST1491,1923.6,Debit,Flipkart,2025-10-19 21:43:00,Dubai,Mobile,7,22224.15,Yes,0
TXN100603,CUST1127,3004.96,Credit,Zomato,2025-03-21 19:14:00,Kolkata,Web,5,17152.07,No,0
TXN101181,CUST1249,480.6,Debit,Flipkart,2025-07-03 17:58:00,Kolkata,Mobile,8,28557.61,No,0
TXN101887,CUST1289,1287.51,Debit,Amazon,2025-08-03 23:10:00,Delhi,Mobile,10,18661.53,No,0
TXN102026,CUST1016,824.65,Debit,Myntra,2025-06-02 23:23:00,Pune,Mobile,9,32279.09,No,0
TXN100359,CUST1369,1924.31,Credit,Other,2025-09-30 07:36:00,Delhi,Mobile,11,29750.78,No,0
TXN101619,CUST1198,1115.92,Debit,Uber,2025-09-30 14:53:00,Pune,Web,5,22915.76,No,0
TXN100637,CUST1185,1102.78,Debit,Myntra,2025-09-08 21:18:00,Mumbai,ATM,7,17304.98,No,0
TXN100898,CUST1409,10827.94,Debit,Apple,2025-03-29 20:18:00,Chennai,Mobile,7,151666.91,No,0
TXN100824,CUST1235,1905.76,Credit,Flipkart,2025-02-08 11:46:00,Chennai,Mobile,9,49439.77,No,0
TXN100216,CUST1062,642.68,Debit,Other,2025-08-03 06:37:00,Chennai,Mobile,8,44234.7,No,0
TXN102298,CUST1412,1218.61,Debit,Myntra,2025-10-27 08:18:00,Pune,Web,4,12752.51,No,0
TXN100020,CUST1150,178.9,Debit,Zomato,2025-03-10 09:51:00,London,Mobile,11,20805.01,No,0
TXN101162,CUST1170,542.65,Credit,Walmart,2025-05-24 15:26:00,Mumbai,Web,10,9594.95,No,0
TXN101303,CUST1031,745.88,Debit,ATM,2025-06-12 13:44:00,Bengaluru,Mobile,10,56786.98,No,0
